scope,profile,condition,budget_fraction,n,oracle_ambiguous_n,oracle_fine_n,oracle_nonambiguous_n,output_ABSTAIN,output_AMBIGUOUS,output_FINE,output_SECTOR_SAFE,outputs_json,ambiguous_recall,fine_recall,safe_nonambiguous_rate,nonabstain_yield,abstain_rate,median_query_fraction,worst_query_fraction
PROFILE,BALANCED,ALL,0.1,18,10,3,8,11,7,0,0,"{""ABSTAIN"":11,""AMBIGUOUS"":7}",0.7,0.0,0.0,0.3888888888888889,0.6111111111111112,0.0975609756097561,0.09951219512195122
PROFILE,BALANCED,ALL,0.2,18,10,3,8,11,7,0,0,"{""ABSTAIN"":11,""AMBIGUOUS"":7}",0.7,0.0,0.0,0.3888888888888889,0.6111111111111112,0.1978319783197832,0.2
PROFILE,BALANCED,ALL,0.35,18,10,3,8,9,9,0,0,"{""ABSTAIN"":9,""AMBIGUOUS"":9}",0.9,0.0,0.0,0.5,0.5,0.3219512195121951,0.34959349593495936
PROFILE,BALANCED,ALL,0.5,18,10,3,8,0,10,0,8,"{""AMBIGUOUS"":10,""SECTOR_SAFE"":8}",1.0,0.0,1.0,1.0,0.0,0.3312195121951219,0.4995121951219512
PROFILE,BALANCED,ALL,0.75,18,10,3,8,0,10,3,5,"{""AMBIGUOUS"":10,""FINE"":3,""SECTOR_SAFE"":5}",1.0,1.0,1.0,1.0,0.0,0.3312195121951219,0.6595121951219513
PROFILE,BALANCED,ALL,1.0,18,10,3,8,0,10,3,5,"{""AMBIGUOUS"":10,""FINE"":3,""SECTOR_SAFE"":5}",1.0,1.0,1.0,1.0,0.0,0.3312195121951219,0.6595121951219513
PROFILE,RESOLUTION_FAVORING,ALL,0.1,18,12,2,6,10,8,0,0,"{""ABSTAIN"":10,""AMBIGUOUS"":8}",0.6666666666666666,0.0,0.0,0.4444444444444444,0.5555555555555556,0.0975609756097561,0.09951219512195122
PROFILE,RESOLUTION_FAVORING,ALL,0.2,18,12,2,6,9,9,0,0,"{""ABSTAIN"":9,""AMBIGUOUS"":9}",0.75,0.0,0.0,0.5,0.5,0.16037940379403792,0.2
PROFILE,RESOLUTION_FAVORING,ALL,0.35,18,12,2,6,8,10,0,0,"{""ABSTAIN"":8,""AMBIGUOUS"":10}",0.8333333333333334,0.0,0.0,0.5555555555555556,0.4444444444444444,0.20829268292682926,0.34959349593495936
PROFILE,RESOLUTION_FAVORING,ALL,0.5,18,12,2,6,7,11,0,0,"{""ABSTAIN"":7,""AMBIGUOUS"":11}",0.9166666666666666,0.0,0.0,0.6111111111111112,0.3888888888888889,0.20829268292682926,0.4995121951219512
PROFILE,RESOLUTION_FAVORING,ALL,0.75,18,12,2,6,0,12,0,6,"{""AMBIGUOUS"":12,""SECTOR_SAFE"":6}",1.0,0.0,1.0,1.0,0.0,0.20829268292682926,0.7492682926829268
PROFILE,RESOLUTION_FAVORING,ALL,1.0,18,12,2,6,0,12,2,4,"{""AMBIGUOUS"":12,""FINE"":2,""SECTOR_SAFE"":4}",1.0,1.0,1.0,1.0,0.0,0.20829268292682926,0.7588075880758808
PROFILE,RISK_CONSERVATIVE,ALL,0.1,18,12,2,6,8,10,0,0,"{""ABSTAIN"":8,""AMBIGUOUS"":10}",0.8333333333333334,0.0,0.0,0.5555555555555556,0.4444444444444444,0.06281842818428185,0.09951219512195122
PROFILE,RISK_CONSERVATIVE,ALL,0.2,18,12,2,6,7,11,0,0,"{""ABSTAIN"":7,""AMBIGUOUS"":11}",0.9166666666666666,0.0,0.0,0.6111111111111112,0.3888888888888889,0.06281842818428185,0.2
PROFILE,RISK_CONSERVATIVE,ALL,0.35,18,12,2,6,6,12,0,0,"{""ABSTAIN"":6,""AMBIGUOUS"":12}",1.0,0.0,0.0,0.6666666666666666,0.3333333333333333,0.06281842818428185,0.34959349593495936
PROFILE,RISK_CONSERVATIVE,ALL,0.5,18,12,2,6,6,12,0,0,"{""ABSTAIN"":6,""AMBIGUOUS"":12}",1.0,0.0,0.0,0.6666666666666666,0.3333333333333333,0.06281842818428185,0.4995121951219512
PROFILE,RISK_CONSERVATIVE,ALL,0.75,18,12,2,6,0,12,2,4,"{""AMBIGUOUS"":12,""FINE"":2,""SECTOR_SAFE"":4}",1.0,1.0,1.0,1.0,0.0,0.06281842818428185,0.6097560975609756
PROFILE,RISK_CONSERVATIVE,ALL,1.0,18,12,2,6,0,12,2,4,"{""AMBIGUOUS"":12,""FINE"":2,""SECTOR_SAFE"":4}",1.0,1.0,1.0,1.0,0.0,0.06281842818428185,0.6097560975609756
CONDITION,ALL,HIGH_INFORMATION_R3,0.1,18,2,5,16,17,1,0,0,"{""ABSTAIN"":17,""AMBIGUOUS"":1}",0.5,0.0,0.0,0.05555555555555555,0.9444444444444444,0.0975609756097561,0.0975609756097561
CONDITION,ALL,HIGH_INFORMATION_R3,0.2,18,2,5,16,17,1,0,0,"{""ABSTAIN"":17,""AMBIGUOUS"":1}",0.5,0.0,0.0,0.05555555555555555,0.9444444444444444,0.1978319783197832,0.1978319783197832
CONDITION,ALL,HIGH_INFORMATION_R3,0.35,18,2,5,16,17,1,0,0,"{""ABSTAIN"":17,""AMBIGUOUS"":1}",0.5,0.0,0.0,0.05555555555555555,0.9444444444444444,0.34959349593495936,0.34959349593495936
CONDITION,ALL,HIGH_INFORMATION_R3,0.5,18,2,5,16,11,1,0,6,"{""ABSTAIN"":11,""AMBIGUOUS"":1,""SECTOR_SAFE"":6}",0.5,0.0,0.375,0.3888888888888889,0.6111111111111112,0.4986449864498645,0.4986449864498645
CONDITION,ALL,HIGH_INFORMATION_R3,0.75,18,2,5,16,0,2,4,12,"{""AMBIGUOUS"":2,""FINE"":4,""SECTOR_SAFE"":12}",1.0,0.8,1.0,1.0,0.0,0.6246612466124661,0.7479674796747967
CONDITION,ALL,HIGH_INFORMATION_R3,1.0,18,2,5,16,0,2,5,11,"{""AMBIGUOUS"":2,""FINE"":5,""SECTOR_SAFE"":11}",1.0,1.0,1.0,1.0,0.0,0.6246612466124661,0.7588075880758808
CONDITION,ALL,INTERMEDIATE_INFORMATION_S3,0.1,18,14,2,4,12,6,0,0,"{""ABSTAIN"":12,""AMBIGUOUS"":6}",0.42857142857142855,0.0,0.0,0.3333333333333333,0.6666666666666666,0.09951219512195122,0.09951219512195122
CONDITION,ALL,INTERMEDIATE_INFORMATION_S3,0.2,18,14,2,4,10,8,0,0,"{""ABSTAIN"":10,""AMBIGUOUS"":8}",0.5714285714285714,0.0,0.0,0.4444444444444444,0.5555555555555556,0.2,0.2
CONDITION,ALL,INTERMEDIATE_INFORMATION_S3,0.35,18,14,2,4,6,12,0,0,"{""ABSTAIN"":6,""AMBIGUOUS"":12}",0.8571428571428571,0.0,0.0,0.6666666666666666,0.3333333333333333,0.2575609756097561,0.3492682926829268
CONDITION,ALL,INTERMEDIATE_INFORMATION_S3,0.5,18,14,2,4,2,14,0,2,"{""ABSTAIN"":2,""AMBIGUOUS"":14,""SECTOR_SAFE"":2}",1.0,0.0,0.5,0.8888888888888888,0.1111111111111111,0.2575609756097561,0.4995121951219512
CONDITION,ALL,INTERMEDIATE_INFORMATION_S3,0.75,18,14,2,4,0,14,1,3,"{""AMBIGUOUS"":14,""FINE"":1,""SECTOR_SAFE"":3}",1.0,0.5,1.0,1.0,0.0,0.2575609756097561,0.7492682926829268
CONDITION,ALL,INTERMEDIATE_INFORMATION_S3,1.0,18,14,2,4,0,14,2,2,"{""AMBIGUOUS"":14,""FINE"":2,""SECTOR_SAFE"":2}",1.0,1.0,1.0,1.0,0.0,0.2575609756097561,0.7570731707317073
CONDITION,ALL,LOW_INFORMATION_F0,0.1,18,18,0,0,0,18,0,0,"{""AMBIGUOUS"":18}",1.0,,,1.0,0.0,0.000975609756097561,0.000975609756097561
CONDITION,ALL,LOW_INFORMATION_F0,0.2,18,18,0,0,0,18,0,0,"{""AMBIGUOUS"":18}",1.0,,,1.0,0.0,0.000975609756097561,0.000975609756097561
CONDITION,ALL,LOW_INFORMATION_F0,0.35,18,18,0,0,0,18,0,0,"{""AMBIGUOUS"":18}",1.0,,,1.0,0.0,0.000975609756097561,0.000975609756097561
CONDITION,ALL,LOW_INFORMATION_F0,0.5,18,18,0,0,0,18,0,0,"{""AMBIGUOUS"":18}",1.0,,,1.0,0.0,0.000975609756097561,0.000975609756097561
CONDITION,ALL,LOW_INFORMATION_F0,0.75,18,18,0,0,0,18,0,0,"{""AMBIGUOUS"":18}",1.0,,,1.0,0.0,0.000975609756097561,0.000975609756097561
CONDITION,ALL,LOW_INFORMATION_F0,1.0,18,18,0,0,0,18,0,0,"{""AMBIGUOUS"":18}",1.0,,,1.0,0.0,0.000975609756097561,0.000975609756097561
PROFILE_CONDITION,BALANCED,HIGH_INFORMATION_R3,0.1,6,0,2,6,6,0,0,0,"{""ABSTAIN"":6}",,0.0,0.0,0.0,1.0,0.0975609756097561,0.0975609756097561
PROFILE_CONDITION,BALANCED,HIGH_INFORMATION_R3,0.2,6,0,2,6,6,0,0,0,"{""ABSTAIN"":6}",,0.0,0.0,0.0,1.0,0.1978319783197832,0.1978319783197832
PROFILE_CONDITION,BALANCED,HIGH_INFORMATION_R3,0.35,6,0,2,6,6,0,0,0,"{""ABSTAIN"":6}",,0.0,0.0,0.0,1.0,0.34959349593495936,0.34959349593495936
PROFILE_CONDITION,BALANCED,HIGH_INFORMATION_R3,0.5,6,0,2,6,0,0,0,6,"{""SECTOR_SAFE"":6}",,0.0,1.0,1.0,0.0,0.4986449864498645,0.4986449864498645
PROFILE_CONDITION,BALANCED,HIGH_INFORMATION_R3,0.75,6,0,2,6,0,0,2,4,"{""FINE"":2,""SECTOR_SAFE"":4}",,1.0,1.0,1.0,0.0,0.6395663956639567,0.6585365853658537
PROFILE_CONDITION,BALANCED,HIGH_INFORMATION_R3,1.0,6,0,2,6,0,0,2,4,"{""FINE"":2,""SECTOR_SAFE"":4}",,1.0,1.0,1.0,0.0,0.6395663956639567,0.6585365853658537
PROFILE_CONDITION,BALANCED,INTERMEDIATE_INFORMATION_S3,0.1,6,4,1,2,5,1,0,0,"{""ABSTAIN"":5,""AMBIGUOUS"":1}",0.25,0.0,0.0,0.16666666666666666,0.8333333333333334,0.09951219512195122,0.09951219512195122
PROFILE_CONDITION,BALANCED,INTERMEDIATE_INFORMATION_S3,0.2,6,4,1,2,5,1,0,0,"{""ABSTAIN"":5,""AMBIGUOUS"":1}",0.25,0.0,0.0,0.16666666666666666,0.8333333333333334,0.2,0.2
PROFILE_CONDITION,BALANCED,INTERMEDIATE_INFORMATION_S3,0.35,6,4,1,2,3,3,0,0,"{""ABSTAIN"":3,""AMBIGUOUS"":3}",0.75,0.0,0.0,0.5,0.5,0.3219512195121951,0.3492682926829268
PROFILE_CONDITION,BALANCED,INTERMEDIATE_INFORMATION_S3,0.5,6,4,1,2,0,4,0,2,"{""AMBIGUOUS"":4,""SECTOR_SAFE"":2}",1.0,0.0,1.0,1.0,0.0,0.3312195121951219,0.4995121951219512
PROFILE_CONDITION,BALANCED,INTERMEDIATE_INFORMATION_S3,0.75,6,4,1,2,0,4,1,1,"{""AMBIGUOUS"":4,""FINE"":1,""SECTOR_SAFE"":1}",1.0,1.0,1.0,1.0,0.0,0.3312195121951219,0.6595121951219513
PROFILE_CONDITION,BALANCED,INTERMEDIATE_INFORMATION_S3,1.0,6,4,1,2,0,4,1,1,"{""AMBIGUOUS"":4,""FINE"":1,""SECTOR_SAFE"":1}",1.0,1.0,1.0,1.0,0.0,0.3312195121951219,0.6595121951219513
PROFILE_CONDITION,BALANCED,LOW_INFORMATION_F0,0.1,6,6,0,0,0,6,0,0,"{""AMBIGUOUS"":6}",1.0,,,1.0,0.0,0.000975609756097561,0.000975609756097561
PROFILE_CONDITION,BALANCED,LOW_INFORMATION_F0,0.2,6,6,0,0,0,6,0,0,"{""AMBIGUOUS"":6}",1.0,,,1.0,0.0,0.000975609756097561,0.000975609756097561
PROFILE_CONDITION,BALANCED,LOW_INFORMATION_F0,0.35,6,6,0,0,0,6,0,0,"{""AMBIGUOUS"":6}",1.0,,,1.0,0.0,0.000975609756097561,0.000975609756097561
PROFILE_CONDITION,BALANCED,LOW_INFORMATION_F0,0.5,6,6,0,0,0,6,0,0,"{""AMBIGUOUS"":6}",1.0,,,1.0,0.0,0.000975609756097561,0.000975609756097561
PROFILE_CONDITION,BALANCED,LOW_INFORMATION_F0,0.75,6,6,0,0,0,6,0,0,"{""AMBIGUOUS"":6}",1.0,,,1.0,0.0,0.000975609756097561,0.000975609756097561
PROFILE_CONDITION,BALANCED,LOW_INFORMATION_F0,1.0,6,6,0,0,0,6,0,0,"{""AMBIGUOUS"":6}",1.0,,,1.0,0.0,0.000975609756097561,0.000975609756097561
PROFILE_CONDITION,RESOLUTION_FAVORING,HIGH_INFORMATION_R3,0.1,6,1,1,5,6,0,0,0,"{""ABSTAIN"":6}",0.0,0.0,0.0,0.0,1.0,0.0975609756097561,0.0975609756097561
PROFILE_CONDITION,RESOLUTION_FAVORING,HIGH_INFORMATION_R3,0.2,6,1,1,5,6,0,0,0,"{""ABSTAIN"":6}",0.0,0.0,0.0,0.0,1.0,0.1978319783197832,0.1978319783197832
PROFILE_CONDITION,RESOLUTION_FAVORING,HIGH_INFORMATION_R3,0.35,6,1,1,5,6,0,0,0,"{""ABSTAIN"":6}",0.0,0.0,0.0,0.0,1.0,0.34959349593495936,0.34959349593495936
PROFILE_CONDITION,RESOLUTION_FAVORING,HIGH_INFORMATION_R3,0.5,6,1,1,5,6,0,0,0,"{""ABSTAIN"":6}",0.0,0.0,0.0,0.0,1.0,0.4986449864498645,0.4986449864498645
PROFILE_CONDITION,RESOLUTION_FAVORING,HIGH_INFORMATION_R3,0.75,6,1,1,5,0,1,0,5,"{""AMBIGUOUS"":1,""SECTOR_SAFE"":5}",1.0,0.0,1.0,1.0,0.0,0.6761517615176151,0.7479674796747967
PROFILE_CONDITION,RESOLUTION_FAVORING,HIGH_INFORMATION_R3,1.0,6,1,1,5,0,1,1,4,"{""AMBIGUOUS"":1,""FINE"":1,""SECTOR_SAFE"":4}",1.0,1.0,1.0,1.0,0.0,0.6761517615176151,0.7588075880758808
PROFILE_CONDITION,RESOLUTION_FAVORING,INTERMEDIATE_INFORMATION_S3,0.1,6,5,1,1,4,2,0,0,"{""ABSTAIN"":4,""AMBIGUOUS"":2}",0.4,0.0,0.0,0.3333333333333333,0.6666666666666666,0.09951219512195122,0.09951219512195122
PROFILE_CONDITION,RESOLUTION_FAVORING,INTERMEDIATE_INFORMATION_S3,0.2,6,5,1,1,3,3,0,0,"{""ABSTAIN"":3,""AMBIGUOUS"":3}",0.6,0.0,0.0,0.5,0.5,0.16146341463414635,0.2
PROFILE_CONDITION,RESOLUTION_FAVORING,INTERMEDIATE_INFORMATION_S3,0.35,6,5,1,1,2,4,0,0,"{""ABSTAIN"":2,""AMBIGUOUS"":4}",0.8,0.0,0.0,0.6666666666666666,0.3333333333333333,0.20829268292682926,0.3492682926829268
PROFILE_CONDITION,RESOLUTION_FAVORING,INTERMEDIATE_INFORMATION_S3,0.5,6,5,1,1,1,5,0,0,"{""ABSTAIN"":1,""AMBIGUOUS"":5}",1.0,0.0,0.0,0.8333333333333334,0.16666666666666666,0.20829268292682926,0.4995121951219512
PROFILE_CONDITION,RESOLUTION_FAVORING,INTERMEDIATE_INFORMATION_S3,0.75,6,5,1,1,0,5,0,1,"{""AMBIGUOUS"":5,""SECTOR_SAFE"":1}",1.0,0.0,1.0,1.0,0.0,0.20829268292682926,0.7492682926829268
PROFILE_CONDITION,RESOLUTION_FAVORING,INTERMEDIATE_INFORMATION_S3,1.0,6,5,1,1,0,5,1,0,"{""AMBIGUOUS"":5,""FINE"":1}",1.0,1.0,1.0,1.0,0.0,0.20829268292682926,0.7570731707317073
PROFILE_CONDITION,RESOLUTION_FAVORING,LOW_INFORMATION_F0,0.1,6,6,0,0,0,6,0,0,"{""AMBIGUOUS"":6}",1.0,,,1.0,0.0,0.000975609756097561,0.000975609756097561
PROFILE_CONDITION,RESOLUTION_FAVORING,LOW_INFORMATION_F0,0.2,6,6,0,0,0,6,0,0,"{""AMBIGUOUS"":6}",1.0,,,1.0,0.0,0.000975609756097561,0.000975609756097561
PROFILE_CONDITION,RESOLUTION_FAVORING,LOW_INFORMATION_F0,0.35,6,6,0,0,0,6,0,0,"{""AMBIGUOUS"":6}",1.0,,,1.0,0.0,0.000975609756097561,0.000975609756097561
PROFILE_CONDITION,RESOLUTION_FAVORING,LOW_INFORMATION_F0,0.5,6,6,0,0,0,6,0,0,"{""AMBIGUOUS"":6}",1.0,,,1.0,0.0,0.000975609756097561,0.000975609756097561
PROFILE_CONDITION,RESOLUTION_FAVORING,LOW_INFORMATION_F0,0.75,6,6,0,0,0,6,0,0,"{""AMBIGUOUS"":6}",1.0,,,1.0,0.0,0.000975609756097561,0.000975609756097561
PROFILE_CONDITION,RESOLUTION_FAVORING,LOW_INFORMATION_F0,1.0,6,6,0,0,0,6,0,0,"{""AMBIGUOUS"":6}",1.0,,,1.0,0.0,0.000975609756097561,0.000975609756097561
PROFILE_CONDITION,RISK_CONSERVATIVE,HIGH_INFORMATION_R3,0.1,6,1,2,5,5,1,0,0,"{""ABSTAIN"":5,""AMBIGUOUS"":1}",1.0,0.0,0.0,0.16666666666666666,0.8333333333333334,0.0975609756097561,0.0975609756097561
PROFILE_CONDITION,RISK_CONSERVATIVE,HIGH_INFORMATION_R3,0.2,6,1,2,5,5,1,0,0,"{""ABSTAIN"":5,""AMBIGUOUS"":1}",1.0,0.0,0.0,0.16666666666666666,0.8333333333333334,0.1978319783197832,0.1978319783197832
PROFILE_CONDITION,RISK_CONSERVATIVE,HIGH_INFORMATION_R3,0.35,6,1,2,5,5,1,0,0,"{""ABSTAIN"":5,""AMBIGUOUS"":1}",1.0,0.0,0.0,0.16666666666666666,0.8333333333333334,0.34959349593495936,0.34959349593495936
PROFILE_CONDITION,RISK_CONSERVATIVE,HIGH_INFORMATION_R3,0.5,6,1,2,5,5,1,0,0,"{""ABSTAIN"":5,""AMBIGUOUS"":1}",1.0,0.0,0.0,0.16666666666666666,0.8333333333333334,0.4986449864498645,0.4986449864498645
PROFILE_CONDITION,RISK_CONSERVATIVE,HIGH_INFORMATION_R3,0.75,6,1,2,5,0,1,2,3,"{""AMBIGUOUS"":1,""FINE"":2,""SECTOR_SAFE"":3}",1.0,1.0,1.0,1.0,0.0,0.5907859078590786,0.6097560975609756
PROFILE_CONDITION,RISK_CONSERVATIVE,HIGH_INFORMATION_R3,1.0,6,1,2,5,0,1,2,3,"{""AMBIGUOUS"":1,""FINE"":2,""SECTOR_SAFE"":3}",1.0,1.0,1.0,1.0,0.0,0.5907859078590786,0.6097560975609756
PROFILE_CONDITION,RISK_CONSERVATIVE,INTERMEDIATE_INFORMATION_S3,0.1,6,5,0,1,3,3,0,0,"{""ABSTAIN"":3,""AMBIGUOUS"":3}",0.6,,0.0,0.5,0.5,0.07463414634146343,0.09951219512195122
PROFILE_CONDITION,RISK_CONSERVATIVE,INTERMEDIATE_INFORMATION_S3,0.2,6,5,0,1,2,4,0,0,"{""ABSTAIN"":2,""AMBIGUOUS"":4}",0.8,,0.0,0.6666666666666666,0.3333333333333333,0.12292682926829268,0.2
PROFILE_CONDITION,RISK_CONSERVATIVE,INTERMEDIATE_INFORMATION_S3,0.35,6,5,0,1,1,5,0,0,"{""ABSTAIN"":1,""AMBIGUOUS"":5}",1.0,,0.0,0.8333333333333334,0.16666666666666666,0.12292682926829268,0.3492682926829268
PROFILE_CONDITION,RISK_CONSERVATIVE,INTERMEDIATE_INFORMATION_S3,0.5,6,5,0,1,1,5,0,0,"{""ABSTAIN"":1,""AMBIGUOUS"":5}",1.0,,0.0,0.8333333333333334,0.16666666666666666,0.12292682926829268,0.4995121951219512
PROFILE_CONDITION,RISK_CONSERVATIVE,INTERMEDIATE_INFORMATION_S3,0.75,6,5,0,1,0,5,0,1,"{""AMBIGUOUS"":5,""SECTOR_SAFE"":1}",1.0,,1.0,1.0,0.0,0.12292682926829268,0.5385365853658537
PROFILE_CONDITION,RISK_CONSERVATIVE,INTERMEDIATE_INFORMATION_S3,1.0,6,5,0,1,0,5,0,1,"{""AMBIGUOUS"":5,""SECTOR_SAFE"":1}",1.0,,1.0,1.0,0.0,0.12292682926829268,0.5385365853658537
PROFILE_CONDITION,RISK_CONSERVATIVE,LOW_INFORMATION_F0,0.1,6,6,0,0,0,6,0,0,"{""AMBIGUOUS"":6}",1.0,,,1.0,0.0,0.000975609756097561,0.000975609756097561
PROFILE_CONDITION,RISK_CONSERVATIVE,LOW_INFORMATION_F0,0.2,6,6,0,0,0,6,0,0,"{""AMBIGUOUS"":6}",1.0,,,1.0,0.0,0.000975609756097561,0.000975609756097561
PROFILE_CONDITION,RISK_CONSERVATIVE,LOW_INFORMATION_F0,0.35,6,6,0,0,0,6,0,0,"{""AMBIGUOUS"":6}",1.0,,,1.0,0.0,0.000975609756097561,0.000975609756097561
PROFILE_CONDITION,RISK_CONSERVATIVE,LOW_INFORMATION_F0,0.5,6,6,0,0,0,6,0,0,"{""AMBIGUOUS"":6}",1.0,,,1.0,0.0,0.000975609756097561,0.000975609756097561
PROFILE_CONDITION,RISK_CONSERVATIVE,LOW_INFORMATION_F0,0.75,6,6,0,0,0,6,0,0,"{""AMBIGUOUS"":6}",1.0,,,1.0,0.0,0.000975609756097561,0.000975609756097561
PROFILE_CONDITION,RISK_CONSERVATIVE,LOW_INFORMATION_F0,1.0,6,6,0,0,0,6,0,0,"{""AMBIGUOUS"":6}",1.0,,,1.0,0.0,0.000975609756097561,0.000975609756097561
