public_path,public_sha256,source_reference,source_sha256,scientific_role,nonbehavioral_cleanup
.gitattributes,5fa74a0a0a2339505c5953e16022f733ed72c725739c6a2e778bdfecc9477c1d,PUBLICATION_RELEASE_V1,5fa74a0a0a2339505c5953e16022f733ed72c725739c6a2e778bdfecc9477c1d,publication documentation or package metadata,new publication file
.gitignore,b2220defcce61a45626dc8873cd11a3c1a402e51cf4051317beff6f6cc6d4d16,PUBLICATION_RELEASE_V1,b2220defcce61a45626dc8873cd11a3c1a402e51cf4051317beff6f6cc6d4d16,publication documentation or package metadata,new publication file
AGENTS.md,4e2bf3c45768efc5302df7240bf0471e7747ad370aaacfcd8ae2312af6aca335,PUBLICATION_RELEASE_V1,4e2bf3c45768efc5302df7240bf0471e7747ad370aaacfcd8ae2312af6aca335,publication documentation or package metadata,new publication file
artifacts/canonical_paper_export/b11_global/budget_metrics.csv,b4381820d7d5901cb7347fe9d3db4189f0b02fde48fe36d4950c5890bf390c82,Physical_Support_Confidence_Sets_Source_V1.zip::Physical_Support_Confidence_Sets_Source_V1/canonical_paper_export/b11_global/budget_metrics.csv,b4381820d7d5901cb7347fe9d3db4189f0b02fde48fe36d4950c5890bf390c82,immutable compact canonical paper export,none; canonical export member
artifacts/canonical_paper_export/b11_global/canonical_summary.json,90a12ba9af0410b56419e2e679d7de4778b3026ac6195ed2eb80e33f4586067a,Physical_Support_Confidence_Sets_Source_V1.zip::Physical_Support_Confidence_Sets_Source_V1/canonical_paper_export/b11_global/canonical_summary.json,90a12ba9af0410b56419e2e679d7de4778b3026ac6195ed2eb80e33f4586067a,immutable compact canonical paper export,none; canonical export member
artifacts/canonical_paper_export/b11_global/empirical_risk_metrics.csv,694d42ce3de303871f7451381c4344487e5c55c70e54b4f7351d395cecf53b1e,Physical_Support_Confidence_Sets_Source_V1.zip::Physical_Support_Confidence_Sets_Source_V1/canonical_paper_export/b11_global/empirical_risk_metrics.csv,694d42ce3de303871f7451381c4344487e5c55c70e54b4f7351d395cecf53b1e,immutable compact canonical paper export,none; canonical export member
artifacts/canonical_paper_export/b11_global/figure_data/controller_results.csv,c1f9d342465fe116f7dfe2c796a6889e81e9467d5e1a193c4bde38585977f211,B11_GLOBAL_FINAL_EVIDENCE.zip::read_only_b1/controller_results.csv,55384e4e8d52f0f882de70cb3b70334812f4c78e3114041aabf5130d049884d3,immutable compact canonical paper export,line-ending normalization only (CRLF to LF); 324 saved data rows and all scientific values unchanged
artifacts/canonical_paper_export/b11_global/figure_data/exact_validation_metrics.csv,5e755f882ac8b492c93d2ca08690c58b6f6ea53df6852ea429efd69801b40edf,Physical_Support_Confidence_Sets_Source_V1.zip::Physical_Support_Confidence_Sets_Source_V1/canonical_paper_export/b11_global/figure_data/exact_validation_metrics.csv,5e755f882ac8b492c93d2ca08690c58b6f6ea53df6852ea429efd69801b40edf,immutable compact canonical paper export,none; canonical export member
artifacts/canonical_paper_export/b11_global/figure_data/query_fraction_all_54_traces.csv,a77778127bb71b4d4b5213c4f53f97debe98a32423abdeb6c62d72c25c3a4b8a,Physical_Support_Confidence_Sets_Source_V1.zip::Physical_Support_Confidence_Sets_Source_V1/canonical_paper_export/b11_global/figure_data/query_fraction_all_54_traces.csv,a77778127bb71b4d4b5213c4f53f97debe98a32423abdeb6c62d72c25c3a4b8a,immutable compact canonical paper export,none; canonical export member
artifacts/canonical_paper_export/b11_global/figure_data/risk_resolution_yield_frontier.csv,b4381820d7d5901cb7347fe9d3db4189f0b02fde48fe36d4950c5890bf390c82,Physical_Support_Confidence_Sets_Source_V1.zip::Physical_Support_Confidence_Sets_Source_V1/canonical_paper_export/b11_global/figure_data/risk_resolution_yield_frontier.csv,b4381820d7d5901cb7347fe9d3db4189f0b02fde48fe36d4950c5890bf390c82,immutable compact canonical paper export,none; canonical export member
artifacts/canonical_paper_export/b11_global/profile_condition_metrics.csv,1f65085e01d37fe480bbd7e71fcebe3a71cf36ee68822a7f4380b718754fd24b,Physical_Support_Confidence_Sets_Source_V1.zip::Physical_Support_Confidence_Sets_Source_V1/canonical_paper_export/b11_global/profile_condition_metrics.csv,1f65085e01d37fe480bbd7e71fcebe3a71cf36ee68822a7f4380b718754fd24b,immutable compact canonical paper export,none; canonical export member
artifacts/canonical_paper_export/b11_global/runtime_cost_decomposition.csv,d93581581861c3a4ba4a833b36619c99022e01bacdb1f7d7ba88598a4372e56e,Physical_Support_Confidence_Sets_Source_V1.zip::Physical_Support_Confidence_Sets_Source_V1/canonical_paper_export/b11_global/runtime_cost_decomposition.csv,d93581581861c3a4ba4a833b36619c99022e01bacdb1f7d7ba88598a4372e56e,immutable compact canonical paper export,none; canonical export member
artifacts/canonical_paper_export/b11_global/safety_metrics.json,c01c815d0be7bf4f566e91611a2a2a610b470001cb38121c47c7d9f7a8b28a7f,Physical_Support_Confidence_Sets_Source_V1.zip::Physical_Support_Confidence_Sets_Source_V1/canonical_paper_export/b11_global/safety_metrics.json,c01c815d0be7bf4f566e91611a2a2a610b470001cb38121c47c7d9f7a8b28a7f,immutable compact canonical paper export,none; canonical export member
artifacts/canonical_paper_export/formal_b2/canonical_case_rows.csv,5e2d8817d2ae306482bb734368bd1b74260c02bad2463e1c27c00beb3b8ed6eb,Physical_Support_Confidence_Sets_Source_V1.zip::Physical_Support_Confidence_Sets_Source_V1/canonical_paper_export/formal_b2/canonical_case_rows.csv,5e2d8817d2ae306482bb734368bd1b74260c02bad2463e1c27c00beb3b8ed6eb,immutable compact canonical paper export,none; canonical export member
artifacts/canonical_paper_export/formal_b2/canonical_case_rows.json,b40f1189f2e714b576a8bce7671d90a195893aadd5ac4b8838f4c71b0fd3c0dd,Physical_Support_Confidence_Sets_Source_V1.zip::Physical_Support_Confidence_Sets_Source_V1/canonical_paper_export/formal_b2/canonical_case_rows.json,b40f1189f2e714b576a8bce7671d90a195893aadd5ac4b8838f4c71b0fd3c0dd,immutable compact canonical paper export,none; canonical export member
artifacts/canonical_paper_export/formal_b2/canonical_merged_summary.json,11ac10a1a2261965ba721f2e24beca27ff7164404f545c625e11f854140f8ea5,Physical_Support_Confidence_Sets_Source_V1.zip::Physical_Support_Confidence_Sets_Source_V1/canonical_paper_export/formal_b2/canonical_merged_summary.json,11ac10a1a2261965ba721f2e24beca27ff7164404f545c625e11f854140f8ea5,immutable compact canonical paper export,none; canonical export member
artifacts/canonical_paper_export/formal_b2/empty_profile_disclosure.json,1c05020f084e65c49c7a0a1ef52e5fa6d401467b478ceb8b01cb71298f1d2d67,Physical_Support_Confidence_Sets_Source_V1.zip::Physical_Support_Confidence_Sets_Source_V1/canonical_paper_export/formal_b2/empty_profile_disclosure.json,1c05020f084e65c49c7a0a1ef52e5fa6d401467b478ceb8b01cb71298f1d2d67,immutable compact canonical paper export,none; canonical export member
artifacts/canonical_paper_export/formal_b2/figure_data/budget_frontier.csv,1e39e15a4836d0f975d23933a0478ee86029b7b97912d6c553bb1335814c9c91,Physical_Support_Confidence_Sets_Source_V1.zip::Physical_Support_Confidence_Sets_Source_V1/canonical_paper_export/formal_b2/figure_data/budget_frontier.csv,1e39e15a4836d0f975d23933a0478ee86029b7b97912d6c553bb1335814c9c91,immutable compact canonical paper export,none; canonical export member
artifacts/canonical_paper_export/formal_b2/figure_data/plugin_false_precision.csv,c22e403919dc63df23bcaa4bed01af44c3247dd3065d0ce39706ae888eb20a6c,Physical_Support_Confidence_Sets_Source_V1.zip::Physical_Support_Confidence_Sets_Source_V1/canonical_paper_export/formal_b2/figure_data/plugin_false_precision.csv,c22e403919dc63df23bcaa4bed01af44c3247dd3065d0ce39706ae888eb20a6c,immutable compact canonical paper export,none; canonical export member
artifacts/canonical_paper_export/formal_b2/figure_data/query_distribution.csv,69bcddc871a89093c5ea3be58116e2e78690208de97864f671404a122f68f754,Physical_Support_Confidence_Sets_Source_V1.zip::Physical_Support_Confidence_Sets_Source_V1/canonical_paper_export/formal_b2/figure_data/query_distribution.csv,69bcddc871a89093c5ea3be58116e2e78690208de97864f671404a122f68f754,immutable compact canonical paper export,none; canonical export member
artifacts/canonical_paper_export/formal_b2/figure_data/representative_case_rows.csv,c870beb55baba2da05568352f1b1092b255b7dc5abecc50e9f0fc7e9abfc1542,Physical_Support_Confidence_Sets_Source_V1.zip::Physical_Support_Confidence_Sets_Source_V1/canonical_paper_export/formal_b2/figure_data/representative_case_rows.csv,c870beb55baba2da05568352f1b1092b255b7dc5abecc50e9f0fc7e9abfc1542,immutable compact canonical paper export,none; canonical export member
artifacts/canonical_paper_export/formal_b2/figure_data/response_library_and_coherence.json,b9723f054323efbb973502e26e4ebcc955c79e37d3038d9b91a0bbb3038c085f,Physical_Support_Confidence_Sets_Source_V1.zip::Physical_Support_Confidence_Sets_Source_V1/canonical_paper_export/formal_b2/figure_data/response_library_and_coherence.json,b9723f054323efbb973502e26e4ebcc955c79e37d3038d9b91a0bbb3038c085f,immutable compact canonical paper export,none; canonical export member
artifacts/canonical_paper_export/formal_b2/plugin_false_precision_metrics.json,7efeceb4e903cacef279d932f2f2c3f79e970120816774116f1c671083007f87,Physical_Support_Confidence_Sets_Source_V1.zip::Physical_Support_Confidence_Sets_Source_V1/canonical_paper_export/formal_b2/plugin_false_precision_metrics.json,7efeceb4e903cacef279d932f2f2c3f79e970120816774116f1c671083007f87,immutable compact canonical paper export,none; canonical export member
artifacts/canonical_paper_export/formal_b2/primary_budget_metrics.json,6b98c6832d8b081539f7633762a7495848e32960e88aaaba186d4618b33e9a6b,Physical_Support_Confidence_Sets_Source_V1.zip::Physical_Support_Confidence_Sets_Source_V1/canonical_paper_export/formal_b2/primary_budget_metrics.json,6b98c6832d8b081539f7633762a7495848e32960e88aaaba186d4618b33e9a6b,immutable compact canonical paper export,none; canonical export member
artifacts/canonical_paper_export/formal_b2/representative_examples.json,ed9fc6d15f62eaf11b9ff7c405de20ac8dedad0d49a0e9805b6f747ca06b522a,Physical_Support_Confidence_Sets_Source_V1.zip::Physical_Support_Confidence_Sets_Source_V1/canonical_paper_export/formal_b2/representative_examples.json,ed9fc6d15f62eaf11b9ff7c405de20ac8dedad0d49a0e9805b6f747ca06b522a,immutable compact canonical paper export,none; canonical export member
artifacts/canonical_paper_export/formal_b2/safety_closure_metrics.json,c4e9c892ae76735dd6b17fc089ddb18f7b94c32d35971fe8fb3693fb17f7a1e3,Physical_Support_Confidence_Sets_Source_V1.zip::Physical_Support_Confidence_Sets_Source_V1/canonical_paper_export/formal_b2/safety_closure_metrics.json,c4e9c892ae76735dd6b17fc089ddb18f7b94c32d35971fe8fb3693fb17f7a1e3,immutable compact canonical paper export,none; canonical export member
artifacts/canonical_paper_export/formal_b2/secondary_prefix_metrics.json,c759570d16054236b91a1f4e3c09255060f814808397eca13ab11e05e734efed,Physical_Support_Confidence_Sets_Source_V1.zip::Physical_Support_Confidence_Sets_Source_V1/canonical_paper_export/formal_b2/secondary_prefix_metrics.json,c759570d16054236b91a1f4e3c09255060f814808397eca13ab11e05e734efed,immutable compact canonical paper export,none; canonical export member
artifacts/canonical_paper_export/original_numerical/canonical_summary.csv,75a019afe357b8343770d6c2ac3b83cb2526041c31e04c26c19752e4e4b86e12,Physical_Support_Confidence_Sets_Source_V1.zip::Physical_Support_Confidence_Sets_Source_V1/canonical_paper_export/original_numerical/canonical_summary.csv,75a019afe357b8343770d6c2ac3b83cb2526041c31e04c26c19752e4e4b86e12,immutable compact canonical paper export,none; canonical export member
artifacts/canonical_paper_export/original_numerical/canonical_summary.json,ad6fbed5f4dd5b3e72f059f1b9e256bee21ba2730ae0429e37eab8d968889f9f,Physical_Support_Confidence_Sets_Source_V1.zip::Physical_Support_Confidence_Sets_Source_V1/canonical_paper_export/original_numerical/canonical_summary.json,ad6fbed5f4dd5b3e72f059f1b9e256bee21ba2730ae0429e37eab8d968889f9f,immutable compact canonical paper export,none; canonical export member
artifacts/canonical_paper_export/original_numerical/figure_data/confirmatory_summary.csv,ca70145f3206d7d44b6c8bdbfef32dec3d0208761047c37cca5e71ae4dc2ea79,Physical_Support_Confidence_Sets_Source_V1.zip::Physical_Support_Confidence_Sets_Source_V1/canonical_paper_export/original_numerical/figure_data/confirmatory_summary.csv,ca70145f3206d7d44b6c8bdbfef32dec3d0208761047c37cca5e71ae4dc2ea79,immutable compact canonical paper export,none; canonical export member
artifacts/canonical_paper_export/original_numerical/figure_data/dictionary_collapse.csv,32caf957e68bde51ead777c3ebed50dc9338beba547be8e49b0c1f8fecb3219b,Physical_Support_Confidence_Sets_Source_V1.zip::Physical_Support_Confidence_Sets_Source_V1/canonical_paper_export/original_numerical/figure_data/dictionary_collapse.csv,32caf957e68bde51ead777c3ebed50dc9338beba547be8e49b0c1f8fecb3219b,immutable compact canonical paper export,none; canonical export member
artifacts/canonical_paper_export/original_numerical/figure_data/gate_curves.csv,18684cbea101cd9b024ecbd0778b5abf501863fd86b15099d9361bf93abb8c47,Physical_Support_Confidence_Sets_Source_V1.zip::Physical_Support_Confidence_Sets_Source_V1/canonical_paper_export/original_numerical/figure_data/gate_curves.csv,18684cbea101cd9b024ecbd0778b5abf501863fd86b15099d9361bf93abb8c47,immutable compact canonical paper export,none; canonical export member
artifacts/canonical_paper_export/original_numerical/figure_data/gauss_hermite_checks.csv,0139e0016998b94f6b010a505d50afd5e29b68a369607b7c1c990dc08d040ae2,Physical_Support_Confidence_Sets_Source_V1.zip::Physical_Support_Confidence_Sets_Source_V1/canonical_paper_export/original_numerical/figure_data/gauss_hermite_checks.csv,0139e0016998b94f6b010a505d50afd5e29b68a369607b7c1c990dc08d040ae2,immutable compact canonical paper export,none; canonical export member
artifacts/canonical_paper_export/original_numerical/figure_data/gauss_hermite_crosscheck.csv,5b18165a447f0f639056d1f319e9a8e2f6e3d6b76c1b6e3c9d07d9a67906be32,Physical_Support_Confidence_Sets_Source_V1.zip::Physical_Support_Confidence_Sets_Source_V1/canonical_paper_export/original_numerical/figure_data/gauss_hermite_crosscheck.csv,5b18165a447f0f639056d1f319e9a8e2f6e3d6b76c1b6e3c9d07d9a67906be32,immutable compact canonical paper export,none; canonical export member
artifacts/canonical_paper_export/original_numerical/figure_data/posthoc_gauss_hermite_all_s_order14.csv,814e92c11ae630bd3a99cc3ee93d6d89c2b5c5eaf791832b318ea807eaa047a5,Physical_Support_Confidence_Sets_Source_V1.zip::Physical_Support_Confidence_Sets_Source_V1/canonical_paper_export/original_numerical/figure_data/posthoc_gauss_hermite_all_s_order14.csv,814e92c11ae630bd3a99cc3ee93d6d89c2b5c5eaf791832b318ea807eaa047a5,immutable compact canonical paper export,none; canonical export member
artifacts/canonical_paper_export/original_numerical/figure_data/posthoc_h_scaling_summary.csv,2049ca7d54123b650cda526534225a26e251819879114f3571143d87402bef17,Physical_Support_Confidence_Sets_Source_V1.zip::Physical_Support_Confidence_Sets_Source_V1/canonical_paper_export/original_numerical/figure_data/posthoc_h_scaling_summary.csv,2049ca7d54123b650cda526534225a26e251819879114f3571143d87402bef17,immutable compact canonical paper export,none; canonical export member
artifacts/canonical_paper_export/original_numerical/figure_data/posthoc_stress_summary.csv,a9971ee129b65a3517d767afaf72cf1feb3549a2c34d1d2778204c582c0c7801,Physical_Support_Confidence_Sets_Source_V1.zip::Physical_Support_Confidence_Sets_Source_V1/canonical_paper_export/original_numerical/figure_data/posthoc_stress_summary.csv,a9971ee129b65a3517d767afaf72cf1feb3549a2c34d1d2778204c582c0c7801,immutable compact canonical paper export,none; canonical export member
artifacts/canonical_paper_export/original_numerical/figure_data/projective_matching.csv,df2e8ba60f9ae6d8f24a7e7329d31bb39a9cdef47427fa1a542510292f5f4388,Physical_Support_Confidence_Sets_Source_V1.zip::Physical_Support_Confidence_Sets_Source_V1/canonical_paper_export/original_numerical/figure_data/projective_matching.csv,df2e8ba60f9ae6d8f24a7e7329d31bb39a9cdef47427fa1a542510292f5f4388,immutable compact canonical paper export,none; canonical export member
artifacts/canonical_paper_export/original_numerical/figure_data/task_controls.csv,a72171efdbc41f4bd9af2883426bda84fa3224fbcc4d4de4dacb90250c6ae795,Physical_Support_Confidence_Sets_Source_V1.zip::Physical_Support_Confidence_Sets_Source_V1/canonical_paper_export/original_numerical/figure_data/task_controls.csv,a72171efdbc41f4bd9af2883426bda84fa3224fbcc4d4de4dacb90250c6ae795,immutable compact canonical paper export,none; canonical export member
artifacts/canonical_paper_export/paper/claim_evidence_matrix.csv,aac93036dd5203531af7ffe0f36147265d74d919ee62a4c602ff1d610dfcd95b,Physical_Support_Confidence_Sets_Source_V1.zip::Physical_Support_Confidence_Sets_Source_V1/canonical_paper_export/paper/claim_evidence_matrix.csv,aac93036dd5203531af7ffe0f36147265d74d919ee62a4c602ff1d610dfcd95b,immutable compact canonical paper export,none; canonical export member
artifacts/canonical_paper_export/paper/figure_generation_receipt.json,9db7e6ebc47931dc9ce2a02778a4c2dfd3dfb6aed35d2b647a20e27136c9dcbb,Physical_Support_Confidence_Sets_Source_V1.zip::Physical_Support_Confidence_Sets_Source_V1/canonical_paper_export/paper/figure_generation_receipt.json,9db7e6ebc47931dc9ce2a02778a4c2dfd3dfb6aed35d2b647a20e27136c9dcbb,immutable compact canonical paper export,none; canonical export member
artifacts/canonical_paper_export/paper/figure_manifest.csv,3dd825c92be80e256ad24a942a1910ccd4223921a2e9816e3ca35fa160744d2a,Physical_Support_Confidence_Sets_Source_V1.zip::Physical_Support_Confidence_Sets_Source_V1/canonical_paper_export/paper/figure_manifest.csv,3dd825c92be80e256ad24a942a1910ccd4223921a2e9816e3ca35fa160744d2a,immutable compact canonical paper export,none; canonical export member
artifacts/canonical_paper_export/paper/figure_sources/figure1/conceptual_pipeline_panel_a.tex,78be1cc51fb35934a273511a0dfb7e7633c03aa8b4e8ce165b01c14de32ca1d9,Physical_Support_Confidence_Sets_Source_V1 working source::conceptual_pipeline_panel_a.tex,77baa1545e5606a0ed6eb131248b9e985d9df5722a0a8917fb986ed6723cc96f,immutable compact canonical paper export,line-ending/trailing-newline normalization only
artifacts/canonical_paper_export/paper/figure_sources/figure1/conceptual_pipeline_panel_b.tex,44896f0d100755e1ca1614d212233e0dbf8a14e5118c35deb70551fc72e689ee,Physical_Support_Confidence_Sets_Source_V1 working source::conceptual_pipeline_panel_b.tex,b4694a3b1086581b4b4888a92b20da44a87a1ecc658030baa6f1512ba906e8c0,immutable compact canonical paper export,line-ending/trailing-newline normalization only
artifacts/canonical_paper_export/paper/figure_sources/figure1/conceptual_pipeline_panel_c.tex,0db4ea9855a5af139771544fdad1bad8184cd06e1f87d4eae1c295f91f734bf1,Physical_Support_Confidence_Sets_Source_V1 working source::conceptual_pipeline_panel_c.tex,17195344c1680b40e1442443c61c07131b0f8649d208989f9d1c1d5547b8e695,immutable compact canonical paper export,line-ending/trailing-newline normalization only
artifacts/canonical_paper_export/paper/figures/b11_global_frontier.pdf,68357fce6dd66300305b96a4e13b843e2abc8b8a9460fc0a43e1ccc5f3988878,Physical_Support_Confidence_Sets_Source_V1.zip::Physical_Support_Confidence_Sets_Source_V1/canonical_paper_export/paper/figures/b11_global_frontier.pdf,68357fce6dd66300305b96a4e13b843e2abc8b8a9460fc0a43e1ccc5f3988878,immutable compact canonical paper export,none; canonical export member
artifacts/canonical_paper_export/paper/figures/b11_global_frontier.png,79c306f27b4721daab19b4dd80afc9d2f33d388d057494cc17cd6e2a5743d8ab,Physical_Support_Confidence_Sets_Source_V1.zip::Physical_Support_Confidence_Sets_Source_V1/canonical_paper_export/paper/figures/b11_global_frontier.png,79c306f27b4721daab19b4dd80afc9d2f33d388d057494cc17cd6e2a5743d8ab,immutable compact canonical paper export,none; canonical export member
artifacts/canonical_paper_export/paper/figures/formal_b2_plugin_false_precision.pdf,cf1440221654169fec794911e7b7e2e3ecd379177ab984d5f48c193ecd1f72da,Physical_Support_Confidence_Sets_Source_V1.zip::Physical_Support_Confidence_Sets_Source_V1/canonical_paper_export/paper/figures/formal_b2_plugin_false_precision.pdf,cf1440221654169fec794911e7b7e2e3ecd379177ab984d5f48c193ecd1f72da,immutable compact canonical paper export,none; canonical export member
artifacts/canonical_paper_export/paper/figures/formal_b2_plugin_false_precision.png,f30bc661f93e172a2e93abfdaa620b55052ba6ee88e4e28acab5e8f15caaf004,Physical_Support_Confidence_Sets_Source_V1.zip::Physical_Support_Confidence_Sets_Source_V1/canonical_paper_export/paper/figures/formal_b2_plugin_false_precision.png,f30bc661f93e172a2e93abfdaa620b55052ba6ee88e4e28acab5e8f15caaf004,immutable compact canonical paper export,none; canonical export member
artifacts/canonical_paper_export/paper/figures/formal_b2_response_library.pdf,429c0b33f5183767b911dc929a475a0eaffa4807d22d58a9feff3c8704aa9122,Physical_Support_Confidence_Sets_Source_V1.zip::Physical_Support_Confidence_Sets_Source_V1/canonical_paper_export/paper/figures/formal_b2_response_library.pdf,429c0b33f5183767b911dc929a475a0eaffa4807d22d58a9feff3c8704aa9122,immutable compact canonical paper export,none; canonical export member
artifacts/canonical_paper_export/paper/figures/formal_b2_response_library.png,a1c15466ec71bd7050e4cdcf7ac6795602b51c4dd523cb5d0ffca69b9e2e9db5,Physical_Support_Confidence_Sets_Source_V1.zip::Physical_Support_Confidence_Sets_Source_V1/canonical_paper_export/paper/figures/formal_b2_response_library.png,a1c15466ec71bd7050e4cdcf7ac6795602b51c4dd523cb5d0ffca69b9e2e9db5,immutable compact canonical paper export,none; canonical export member
artifacts/canonical_paper_export/paper/figures/formal_b2_weak_c_map.pdf,bd4811e240609a6fc1c2ef96c061384a6c2b659e44cdc7061bae82ce40ba72ba,Physical_Support_Confidence_Sets_Source_V1.zip::Physical_Support_Confidence_Sets_Source_V1/canonical_paper_export/paper/figures/formal_b2_weak_c_map.pdf,bd4811e240609a6fc1c2ef96c061384a6c2b659e44cdc7061bae82ce40ba72ba,immutable compact canonical paper export,none; canonical export member
artifacts/canonical_paper_export/paper/figures/formal_b2_weak_c_map.png,dec489f088a71526ea67326401591ca31e9d14c97dd20869b12bc2ae6cb8edc9,Physical_Support_Confidence_Sets_Source_V1.zip::Physical_Support_Confidence_Sets_Source_V1/canonical_paper_export/paper/figures/formal_b2_weak_c_map.png,dec489f088a71526ea67326401591ca31e9d14c97dd20869b12bc2ae6cb8edc9,immutable compact canonical paper export,none; canonical export member
artifacts/canonical_paper_export/paper/figures/theorem_native_three_gate.pdf,8c860e1dcd4e0f1cf5d741843b075e028069fb13c059512ccfd5c6b986d6fe21,Physical_Support_Confidence_Sets_Source_V1.zip::Physical_Support_Confidence_Sets_Source_V1/canonical_paper_export/paper/figures/theorem_native_three_gate.pdf,8c860e1dcd4e0f1cf5d741843b075e028069fb13c059512ccfd5c6b986d6fe21,immutable compact canonical paper export,none; canonical export member
artifacts/canonical_paper_export/paper/figures/theorem_native_three_gate.png,6e14fc684a00e57a0321f99f3c773650e63bcc50a2e62229582614b1faaca684,Physical_Support_Confidence_Sets_Source_V1.zip::Physical_Support_Confidence_Sets_Source_V1/canonical_paper_export/paper/figures/theorem_native_three_gate.png,6e14fc684a00e57a0321f99f3c773650e63bcc50a2e62229582614b1faaca684,immutable compact canonical paper export,none; canonical export member
artifacts/canonical_paper_export/paper/generators/generate_paper_figures.py,d217e36c9b647635868aacf79d8ad73cb90470a8e277f41dc77ea118f9d90411,Physical_Support_Confidence_Sets_Source_V1.zip::Physical_Support_Confidence_Sets_Source_V1/canonical_paper_export/paper/generators/generate_paper_figures.py,d217e36c9b647635868aacf79d8ad73cb90470a8e277f41dc77ea118f9d90411,immutable compact canonical paper export,none; canonical export member
artifacts/canonical_paper_export/paper/numeric_macro_traceability.csv,e1880af5a05199bb31db5e2795487517cd8330c7491f9896bcb012c128a4710a,Physical_Support_Confidence_Sets_Source_V1.zip::Physical_Support_Confidence_Sets_Source_V1/canonical_paper_export/paper/numeric_macro_traceability.csv,e1880af5a05199bb31db5e2795487517cd8330c7491f9896bcb012c128a4710a,immutable compact canonical paper export,none; canonical export member
artifacts/canonical_paper_export/paper/numeric_macros.tex,2f6d45ffcf3f22da7656a03da20604b02bf9caf079782240a319f2b5984be72b,Physical_Support_Confidence_Sets_Source_V1.zip::Physical_Support_Confidence_Sets_Source_V1/canonical_paper_export/paper/numeric_macros.tex,2f6d45ffcf3f22da7656a03da20604b02bf9caf079782240a319f2b5984be72b,immutable compact canonical paper export,none; canonical export member
artifacts/canonical_paper_export/paper/table_manifest.csv,8c1a259ea6e06f4071155276d19e0a15d001d05e6ed6c92ef5de3dd3f3878f32,Physical_Support_Confidence_Sets_Source_V1.zip::Physical_Support_Confidence_Sets_Source_V1/canonical_paper_export/paper/table_manifest.csv,8c1a259ea6e06f4071155276d19e0a15d001d05e6ed6c92ef5de3dd3f3878f32,immutable compact canonical paper export,none; canonical export member
artifacts/canonical_paper_export/paper/tables/b11_global_validation.csv,4906475da05ef79fd07515e6d3d782f77a590c85d92402ea119a25fa4704e05b,Physical_Support_Confidence_Sets_Source_V1.zip::Physical_Support_Confidence_Sets_Source_V1/canonical_paper_export/paper/tables/b11_global_validation.csv,4906475da05ef79fd07515e6d3d782f77a590c85d92402ea119a25fa4704e05b,immutable compact canonical paper export,none; canonical export member
artifacts/canonical_paper_export/paper/tables/b11_global_validation.tex,518d6d177fefc051481d5d700739fe64f404f10a6e4bec125cfa5b7d974326c9,Physical_Support_Confidence_Sets_Source_V1.zip::Physical_Support_Confidence_Sets_Source_V1/canonical_paper_export/paper/tables/b11_global_validation.tex,518d6d177fefc051481d5d700739fe64f404f10a6e4bec125cfa5b7d974326c9,immutable compact canonical paper export,none; canonical export member
artifacts/canonical_paper_export/paper/tables/formal_b2_application_gates.csv,b65765517dc1c13c3adfd8a6c43ef69d1744bb161d3bb002d130c07b5eba7d23,Physical_Support_Confidence_Sets_Source_V1.zip::Physical_Support_Confidence_Sets_Source_V1/canonical_paper_export/paper/tables/formal_b2_application_gates.csv,b65765517dc1c13c3adfd8a6c43ef69d1744bb161d3bb002d130c07b5eba7d23,immutable compact canonical paper export,none; canonical export member
artifacts/canonical_paper_export/paper/tables/formal_b2_application_gates.tex,adbe91d6ad1c49c83532eeac2274b3209e0212ee0c4f8ff335a73d02e3ca28be,Physical_Support_Confidence_Sets_Source_V1.zip::Physical_Support_Confidence_Sets_Source_V1/canonical_paper_export/paper/tables/formal_b2_application_gates.tex,adbe91d6ad1c49c83532eeac2274b3209e0212ee0c4f8ff335a73d02e3ca28be,immutable compact canonical paper export,none; canonical export member
artifacts/canonical_paper_export/paper/tables/original_numerical_disclosure.csv,1837b35b79754f79d59b7f5f9cdc2738e09a775d057d3d3a47988715d73c5531,Physical_Support_Confidence_Sets_Source_V1.zip::Physical_Support_Confidence_Sets_Source_V1/canonical_paper_export/paper/tables/original_numerical_disclosure.csv,1837b35b79754f79d59b7f5f9cdc2738e09a775d057d3d3a47988715d73c5531,immutable compact canonical paper export,none; canonical export member
artifacts/canonical_paper_export/paper/tables/theory_to_output_map.csv,b34735476155af73ce630dc938ebd0db7945dfcaf7683f235d7818317b4ed8f7,Physical_Support_Confidence_Sets_Source_V1.zip::Physical_Support_Confidence_Sets_Source_V1/canonical_paper_export/paper/tables/theory_to_output_map.csv,b34735476155af73ce630dc938ebd0db7945dfcaf7683f235d7818317b4ed8f7,immutable compact canonical paper export,none; canonical export member
artifacts/canonical_paper_export/provenance/checksums.sha256,194bda3f4bd0e8fed993dfc962181c07db926d6932c3bb14cc78b72426302789,Physical_Support_Confidence_Sets_Source_V1.zip::Physical_Support_Confidence_Sets_Source_V1/canonical_paper_export/provenance/checksums.sha256,3845204e78236164afac879c3ed9023fe95e1552393e5fa5278635a5f631ae88,immutable compact canonical paper export,original 70-entry tree preserved; four publication-facing inputs appended to form the 74-entry release tree
artifacts/canonical_paper_export/provenance/evidence_precedence.md,79a2d80a35f3df642a2f41aaea5920d5a549fa855ab9685468160c34b4b71f0b,Physical_Support_Confidence_Sets_Source_V1.zip::Physical_Support_Confidence_Sets_Source_V1/canonical_paper_export/provenance/evidence_precedence.md,79a2d80a35f3df642a2f41aaea5920d5a549fa855ab9685468160c34b4b71f0b,immutable compact canonical paper export,none; canonical export member
artifacts/canonical_paper_export/provenance/immutable_inputs.json,aa85da5b87169fa5da52b0eac0099534e31a4925ef33a87016b7dba0d567d747,Physical_Support_Confidence_Sets_Source_V1.zip::Physical_Support_Confidence_Sets_Source_V1/canonical_paper_export/provenance/immutable_inputs.json,aa85da5b87169fa5da52b0eac0099534e31a4925ef33a87016b7dba0d567d747,immutable compact canonical paper export,none; canonical export member
artifacts/canonical_paper_export/provenance/source_artifact_manifest.csv,3ee4bf6bfb151df9fb09c2fda2c612e5f5946cc8c7a80ec8cd37f74332c2bd7b,Physical_Support_Confidence_Sets_Source_V1.zip::Physical_Support_Confidence_Sets_Source_V1/canonical_paper_export/provenance/source_artifact_manifest.csv,3ee4bf6bfb151df9fb09c2fda2c612e5f5946cc8c7a80ec8cd37f74332c2bd7b,immutable compact canonical paper export,none; canonical export member
artifacts/canonical_paper_export/README.md,db37911c82ba6b31a151967383f47200985e5d19244ebb1263b3497f4fd4c996,Physical_Support_Confidence_Sets_Source_V1.zip::Physical_Support_Confidence_Sets_Source_V1/canonical_paper_export/README.md,db37911c82ba6b31a151967383f47200985e5d19244ebb1263b3497f4fd4c996,immutable compact canonical paper export,none; canonical export member
artifacts/canonical_paper_export/theory/canonical_theorem_claims.yaml,a4c328016540ea009f02049b96626b01c9406fc3655353cd046098f1071519d1,Physical_Support_Confidence_Sets_Source_V1.zip::Physical_Support_Confidence_Sets_Source_V1/canonical_paper_export/theory/canonical_theorem_claims.yaml,a4c328016540ea009f02049b96626b01c9406fc3655353cd046098f1071519d1,immutable compact canonical paper export,none; canonical export member
artifacts/canonical_paper_export/theory/theorem_numeric_macros.tex,af8abe7435a0bc7c2fa4367524b86fc29de119a3772e08604734aa7e0f7a6326,Physical_Support_Confidence_Sets_Source_V1.zip::Physical_Support_Confidence_Sets_Source_V1/canonical_paper_export/theory/theorem_numeric_macros.tex,af8abe7435a0bc7c2fa4367524b86fc29de119a3772e08604734aa7e0f7a6326,immutable compact canonical paper export,none; canonical export member
artifacts/canonical_paper_export/theory/theory_source_checks.json,6720c1faf96f21e609a05f49128a114af0093c094dd72b86d581ede55bed0af4,Physical_Support_Confidence_Sets_Source_V1.zip::Physical_Support_Confidence_Sets_Source_V1/canonical_paper_export/theory/theory_source_checks.json,6720c1faf96f21e609a05f49128a114af0093c094dd72b86d581ede55bed0af4,immutable compact canonical paper export,none; canonical export member
artifacts/canonical_paper_export/validation/denominator_checks.json,d2c353501c3089c98758b3a0c58216d777342d9ce76a7837fdff4f949cb2ff65,Physical_Support_Confidence_Sets_Source_V1.zip::Physical_Support_Confidence_Sets_Source_V1/canonical_paper_export/validation/denominator_checks.json,d2c353501c3089c98758b3a0c58216d777342d9ce76a7837fdff4f949cb2ff65,immutable compact canonical paper export,none; canonical export member
artifacts/canonical_paper_export/validation/final_validation_report.md,c98826735b7e19545d8232b602c225f16c6b156596f597a0a452cf752b6be7bc,Physical_Support_Confidence_Sets_Source_V1.zip::Physical_Support_Confidence_Sets_Source_V1/canonical_paper_export/validation/final_validation_report.md,c98826735b7e19545d8232b602c225f16c6b156596f597a0a452cf752b6be7bc,immutable compact canonical paper export,none; canonical export member
artifacts/canonical_paper_export/validation/invariant_checks.json,87524486b0f7266e5f9ad242dc4f8c1109a3a33a9d741bee5e5df801502bc093,Physical_Support_Confidence_Sets_Source_V1.zip::Physical_Support_Confidence_Sets_Source_V1/canonical_paper_export/validation/invariant_checks.json,87524486b0f7266e5f9ad242dc4f8c1109a3a33a9d741bee5e5df801502bc093,immutable compact canonical paper export,none; canonical export member
artifacts/canonical_paper_export/validation/representative_rule_check.json,1a27cf1b69f8dda67eecbbe491c1a98efbba0d55c4c4c64a6645272df40b69f0,Physical_Support_Confidence_Sets_Source_V1.zip::Physical_Support_Confidence_Sets_Source_V1/canonical_paper_export/validation/representative_rule_check.json,1a27cf1b69f8dda67eecbbe491c1a98efbba0d55c4c4c64a6645272df40b69f0,immutable compact canonical paper export,none; canonical export member
artifacts/canonical_paper_export/validation/stale_field_rejection.json,3c9262d3841e1193e0e25aa4df781fe50f008e4ec0baf9303efeaa9924d7d3d0,Physical_Support_Confidence_Sets_Source_V1.zip::Physical_Support_Confidence_Sets_Source_V1/canonical_paper_export/validation/stale_field_rejection.json,3c9262d3841e1193e0e25aa4df781fe50f008e4ec0baf9303efeaa9924d7d3d0,immutable compact canonical paper export,none; canonical export member
artifacts/release_manifest.json,a4ffd5122ee9f973138b0c08fe8a64171a126dc57736041d6a9e6e946bb10bc2,PUBLICATION_RELEASE_V1,a4ffd5122ee9f973138b0c08fe8a64171a126dc57736041d6a9e6e946bb10bc2,publication documentation or package metadata,new publication file
CITATION.cff,a5fd15bbc8d38e4d12200320614459b3725945b148b21e504441db0b3d9f1763,PUBLICATION_RELEASE_V1,a5fd15bbc8d38e4d12200320614459b3725945b148b21e504441db0b3d9f1763,publication documentation or package metadata,new publication file
configs/b11_global/b11_code_freeze.json,2006da2bb9e50572b874868cdfcee1639f7723f2c067163116da9ce4790e6538,la1_3_ara_b11 frozen input/provenance::b11_code_freeze.json,2006da2bb9e50572b874868cdfcee1639f7723f2c067163116da9ce4790e6538,"frozen configuration, seed, case order, gate, or freeze provenance",none; frozen input/provenance copy
configs/b11_global/B1_CODE_FREEZE.json,350c2e4d7aeb0a07eeb98e49814bc599aba88bb5e7249db0c00ab89d5a9d4a68,la1_3_ara_b11 frozen input/provenance::B1_CODE_FREEZE.json,350c2e4d7aeb0a07eeb98e49814bc599aba88bb5e7249db0c00ab89d5a9d4a68,"frozen configuration, seed, case order, gate, or freeze provenance",none; frozen input/provenance copy
configs/b11_global/b1_frozen_config.yaml,7a22b21f9c973c0612962357278f6a692c95d580601cfb1f7d3255e40b9bf992,la1_3_ara_b11 frozen input/provenance::b1_frozen_config.yaml,7a22b21f9c973c0612962357278f6a692c95d580601cfb1f7d3255e40b9bf992,"frozen configuration, seed, case order, gate, or freeze provenance",none; frozen input/provenance copy
configs/b11_global/baseline_policies.csv,a2ae0ad50cfcec96fa234bc1fedf546fe14bfc2a0ae9ff065011489d4d5d3d91,la1_3_ara_b11 frozen input/provenance::baseline_policies.csv,a2ae0ad50cfcec96fa234bc1fedf546fe14bfc2a0ae9ff065011489d4d5d3d91,"frozen configuration, seed, case order, gate, or freeze provenance",none; frozen input/provenance copy
configs/b11_global/budget_grid.csv,11a0fe79613c74f9e42b319bc3ae6d9af7ea22a1b11e9d5842fb8a24ef319ec7,la1_3_ara_b11 frozen input/provenance::budget_grid.csv,11a0fe79613c74f9e42b319bc3ae6d9af7ea22a1b11e9d5842fb8a24ef319ec7,"frozen configuration, seed, case order, gate, or freeze provenance",none; frozen input/provenance copy
configs/b11_global/frozen_seeds.json,86d73f373644ef036e878a5c6ca3d29ba13370ac566485ba5fb230aa00249c98,la1_3_ara_b11 frozen input/provenance::frozen_seeds.json,86d73f373644ef036e878a5c6ca3d29ba13370ac566485ba5fb230aa00249c98,"frozen configuration, seed, case order, gate, or freeze provenance",none; frozen input/provenance copy
configs/b11_global/historical_environment.json,15de2d843785bd94974cf4d135284627fd1a7888e1a9cde850b0265244955a75,la1_3_ara_b11 frozen input/provenance::historical_environment.json,15de2d843785bd94974cf4d135284627fd1a7888e1a9cde850b0265244955a75,"frozen configuration, seed, case order, gate, or freeze provenance",none; frozen input/provenance copy
configs/b11_global/information_conditions.csv,42459c151756ee74766259f768de4878205bfe8580841b50a74f0d4ef0fdfc07,la1_3_ara_b11 frozen input/provenance::information_conditions.csv,42459c151756ee74766259f768de4878205bfe8580841b50a74f0d4ef0fdfc07,"frozen configuration, seed, case order, gate, or freeze provenance",none; frozen input/provenance copy
configs/b11_global/selected_operating_points.json,7206c8f4641bea78c3a46b2b3a34fb6cd6a8732dfb1e019e249c32fd0929abea,la1_3_ara_b11 frozen input/provenance::selected_operating_points.json,7206c8f4641bea78c3a46b2b3a34fb6cd6a8732dfb1e019e249c32fd0929abea,"frozen configuration, seed, case order, gate, or freeze provenance",none; frozen input/provenance copy
configs/formal_b2/b2f01_code_freeze.json,437b0e60477c80ea180c9b1c2e76d1190d4b4207487c81b8f5af19804c2bde2f,la1_3_ara_b2f01 frozen input/provenance::b2f01_code_freeze.json,437b0e60477c80ea180c9b1c2e76d1190d4b4207487c81b8f5af19804c2bde2f,"frozen configuration, seed, case order, gate, or freeze provenance",none; frozen input/provenance copy
configs/formal_b2/b2f01_frozen_config.json,3d54c622a72f3ce2834d11c629756585f989aa053ca1d1cc991129ac55a64f82,la1_3_ara_b2f01 frozen input/provenance::b2f01_frozen_config.json,3d54c622a72f3ce2834d11c629756585f989aa053ca1d1cc991129ac55a64f82,"frozen configuration, seed, case order, gate, or freeze provenance",none; frozen input/provenance copy
configs/formal_b2/formal_case_order.csv,ce25cf02a12d7b9176bba217d0a0cf7d4708beeb33e3984ec5662b36a60d7a33,la1_3_ara_b2f01 frozen input/provenance::formal_case_order.csv,ce25cf02a12d7b9176bba217d0a0cf7d4708beeb33e3984ec5662b36a60d7a33,"frozen configuration, seed, case order, gate, or freeze provenance",none; frozen input/provenance copy
configs/formal_b2/formal_gates.csv,a82933939054ea476907f1cd1e895ee728818a3aa27da5c8d00cd24bccebcc3b,la1_3_ara_b2f01 frozen input/provenance::formal_gates.csv,a82933939054ea476907f1cd1e895ee728818a3aa27da5c8d00cd24bccebcc3b,"frozen configuration, seed, case order, gate, or freeze provenance",none; frozen input/provenance copy
configs/formal_b2/formal_primary_seeds.json,fda39941ec5578046349f25c56ad29a697c1c7495227ed8de60c7793b27b9d82,la1_3_ara_b2f01 frozen input/provenance::formal_primary_seeds.json,fda39941ec5578046349f25c56ad29a697c1c7495227ed8de60c7793b27b9d82,"frozen configuration, seed, case order, gate, or freeze provenance",none; frozen input/provenance copy
configs/original_numerical/config.json,259511dbf58d9703c177c333a2de5c718a4ec3bac619c463cf6fc8efcadf68c8,ORIGINAL_THREE_GATE_EXPERIMENT_EVIDENCE.zip::config.json,259511dbf58d9703c177c333a2de5c718a4ec3bac619c463cf6fc8efcadf68c8,"frozen configuration, seed, case order, gate, or freeze provenance",none; archive member verified byte-identical
configs/original_numerical/environment.yml,4dd31e6b52e9f6a23048ea612e0f67320b7257f5e6c0b424621c1779fb49c5ff,ORIGINAL_THREE_GATE_EXPERIMENT_EVIDENCE.zip::environment.yml,4dd31e6b52e9f6a23048ea612e0f67320b7257f5e6c0b424621c1779fb49c5ff,"frozen configuration, seed, case order, gate, or freeze provenance",none; archive member verified byte-identical
configs/original_numerical/FROZEN_PROTOCOL.md,ed29cb0587fd0302bcfabed96836af0c06389bb6bc903c0a70081759adcaa5d1,ORIGINAL_THREE_GATE_EXPERIMENT_EVIDENCE.zip::FROZEN_PROTOCOL.md,ed29cb0587fd0302bcfabed96836af0c06389bb6bc903c0a70081759adcaa5d1,"frozen configuration, seed, case order, gate, or freeze provenance",none; archive member verified byte-identical
configs/original_numerical/POSTHOC_DIAGNOSTIC_PROTOCOL.md,5382c5717f4ba124555e306b02aeaff368aa8b5035b71351b310c9f0b294aa13,ORIGINAL_THREE_GATE_EXPERIMENT_EVIDENCE.zip::POSTHOC_DIAGNOSTIC_PROTOCOL.md,5382c5717f4ba124555e306b02aeaff368aa8b5035b71351b310c9f0b294aa13,"frozen configuration, seed, case order, gate, or freeze provenance",none; archive member verified byte-identical
docs/frozen_semantics/M0_CANONICAL_EXPORT_SPEC.md,926c504c1332fd0e79c16f605365e49f6e811ad888c75fc1bbb14d5212faa643,Physical_Support_Confidence_Sets_Source_V1.zip::Physical_Support_Confidence_Sets_Source_V1/m0_freeze/M0_CANONICAL_EXPORT_SPEC.md,926c504c1332fd0e79c16f605365e49f6e811ad888c75fc1bbb14d5212faa643,M0 frozen semantic anchor,none; frozen manuscript semantic anchor
docs/frozen_semantics/M0_CANONICAL_RESULTS.md,967ed9cef6134587fc90004b0cac1cf5796196387a36168cb272ee15e2975267,Physical_Support_Confidence_Sets_Source_V1.zip::Physical_Support_Confidence_Sets_Source_V1/m0_freeze/M0_CANONICAL_RESULTS.md,967ed9cef6134587fc90004b0cac1cf5796196387a36168cb272ee15e2975267,M0 frozen semantic anchor,none; frozen manuscript semantic anchor
docs/frozen_semantics/M0_CLAIM_EVIDENCE_MATRIX.csv,850cb15cd47dca7459c9f9c8d75452189f589efe0af14a523bed95d27e17679c,Physical_Support_Confidence_Sets_Source_V1.zip::Physical_Support_Confidence_Sets_Source_V1/m0_freeze/M0_CLAIM_EVIDENCE_MATRIX.csv,850cb15cd47dca7459c9f9c8d75452189f589efe0af14a523bed95d27e17679c,M0 frozen semantic anchor,none; frozen manuscript semantic anchor
docs/frozen_semantics/M0_SCIENTIFIC_CLAIM_FREEZE.md,a3709c089b9c3178ff65c07376183b2919f52d07ca89d54c78e6e896d409315d,Physical_Support_Confidence_Sets_Source_V1.zip::Physical_Support_Confidence_Sets_Source_V1/m0_freeze/M0_SCIENTIFIC_CLAIM_FREEZE.md,a3709c089b9c3178ff65c07376183b2919f52d07ca89d54c78e6e896d409315d,M0 frozen semantic anchor,none; frozen manuscript semantic anchor
docs/METHOD_TO_CODE_MAP.md,c743e075c521d9c418fc985ba3f73526e4e3f02113cf2141418f2d4d328b8d07,PUBLICATION_RELEASE_V1,c743e075c521d9c418fc985ba3f73526e4e3f02113cf2141418f2d4d328b8d07,publication documentation or package metadata,new publication file
docs/PUBLICATION_RELEASE_MANIFEST.md,cda3a93fc651a7ab8a5bddfc689231f2d1d784eed2633b96a5a32c4be09bc5a0,PUBLICATION_RELEASE_V1,cda3a93fc651a7ab8a5bddfc689231f2d1d784eed2633b96a5a32c4be09bc5a0,publication documentation or package metadata,new publication file
docs/REPRODUCIBILITY_SCOPE.md,3f0bca1630b6d8ad1833adadf2cb9a6324271a3d23b6b8c87c1fb11d9b27f595,PUBLICATION_RELEASE_V1,3f0bca1630b6d8ad1833adadf2cb9a6324271a3d23b6b8c87c1fb11d9b27f595,publication documentation or package metadata,new publication file
docs/RESULT_PROVENANCE.md,4e6203cd7f45bb1e08bdbf0451d69363e0a11bd5c16c0cac2f68e8efc7c7bbfc,PUBLICATION_RELEASE_V1,4e6203cd7f45bb1e08bdbf0451d69363e0a11bd5c16c0cac2f68e8efc7c7bbfc,publication documentation or package metadata,new publication file
docs/SOURCE_MANIFEST.csv,SELF_REFERENTIAL_NOT_RECORDED,generated by scripts/build_source_manifest.py,SELF_REFERENTIAL_NOT_RECORDED,publication source provenance index,self-row intentionally has no recursive digest
docs/supplement.pdf,1ba1fc685e4b042324392cd2539523db3f5e3741a9ddbda159b1e2b51349b57f,Physical_Support_Confidence_Sets_Source_V1/supplement.pdf,1ba1fc685e4b042324392cd2539523db3f5e3741a9ddbda159b1e2b51349b57f,publication documentation or package metadata,none; byte-identical manuscript supplement
GITHUB_PUBLICATION_SYNC_REPORT.md,7300c7fd19c53b77ba69fe79fd2e23da87779e6164cd473f4147c97e60bb26f4,PUBLICATION_RELEASE_V1,7300c7fd19c53b77ba69fe79fd2e23da87779e6164cd473f4147c97e60bb26f4,publication documentation or package metadata,new publication file
pyproject.toml,e0c913d39446487fe84ffe2f0e6b48a32dc504c669a80efbff782fb6a760095e,PUBLICATION_RELEASE_V1,e0c913d39446487fe84ffe2f0e6b48a32dc504c669a80efbff782fb6a760095e,publication documentation or package metadata,new publication file
README.md,dda0dd93088b9a53058309d98d7120ae8a53b7a18694d12c45150fc0550c3c59,PUBLICATION_RELEASE_V1,dda0dd93088b9a53058309d98d7120ae8a53b7a18694d12c45150fc0550c3c59,publication documentation or package metadata,new publication file
scripts/build_source_manifest.py,7bbac66b6b1bdef3e33b78c8caa53471f2ff6a92bd895a190c73c21c3bb773f6,PUBLICATION_RELEASE_V1,7bbac66b6b1bdef3e33b78c8caa53471f2ff6a92bd895a190c73c21c3bb773f6,publication reproduction/validation wrapper,new publication file
scripts/manuscript_panel_renderer.py,847236f398b1ea135b6b43f768b19f94603fdcfdfef82abda8dd031f6cc8594a,PUBLICATION_RELEASE_V1,847236f398b1ea135b6b43f768b19f94603fdcfdfef82abda8dd031f6cc8594a,publication reproduction/validation wrapper,new publication file
scripts/regenerate_conceptual_figure.py,0438ad6364a8b0918f79ac84f27ac56e0c69c021081d01282580f47498244dda,PUBLICATION_RELEASE_V1,0438ad6364a8b0918f79ac84f27ac56e0c69c021081d01282580f47498244dda,publication reproduction/validation wrapper,new publication file
scripts/regenerate_paper_figures.py,4c5a932bd0c7f61eff23423682c99630dbbd6d5da04db5de6a118ea7230872da,PUBLICATION_RELEASE_V1,4c5a932bd0c7f61eff23423682c99630dbbd6d5da04db5de6a118ea7230872da,publication reproduction/validation wrapper,new publication file
scripts/regenerate_paper_tables.py,d8f7a25197b39640ec490c68ad73e04a534a14d6234fa97166afc73e9047fd47,PUBLICATION_RELEASE_V1,d8f7a25197b39640ec490c68ad73e04a534a14d6234fa97166afc73e9047fd47,publication reproduction/validation wrapper,new publication file
scripts/run_representative_example.py,bdc00645c8111d6216c9cb9a66d7a89526bdddc0db37834417d541f01a1d657d,PUBLICATION_RELEASE_V1,bdc00645c8111d6216c9cb9a66d7a89526bdddc0db37834417d541f01a1d657d,publication reproduction/validation wrapper,new publication file
scripts/validate_release.py,1114765e7a01c209a49afae61725fa4e7b629cf62a73494eb9bb8bd8c244f12e,PUBLICATION_RELEASE_V1,1114765e7a01c209a49afae61725fa4e7b629cf62a73494eb9bb8bd8c244f12e,publication reproduction/validation wrapper,new publication file
src/physical_support_confidence_sets/__init__.py,670a11c85f40c6a85667aa7d9c3912717b7f8e1264d44e907ad67d319f76ddcb,PUBLICATION_RELEASE_V1,670a11c85f40c6a85667aa7d9c3912717b7f8e1264d44e907ad67d319f76ddcb,publication documentation or package metadata,new publication file
src/physical_support_confidence_sets/b11/__init__.py,aab0e7f1a06b5105c26f8b69aeb0cd344ae4ffb126330ea7d5ebd6930d831e12,PUBLICATION_RELEASE_V1,aab0e7f1a06b5105c26f8b69aeb0cd344ae4ffb126330ea7d5ebd6930d831e12,B1.1 recovered scientific implementation,new publication file
src/physical_support_confidence_sets/b11/frozen_policy/__init__.py,2d5b1dc259098c4e388408915fd8286a806186ae544d36ab5292966cd82819bb,la1_3_ara_b11/locked_b1_source/frozen_policy/__init__.py,2d5b1dc259098c4e388408915fd8286a806186ae544d36ab5292966cd82819bb,B1.1 recovered scientific implementation,none; byte-identical relocation
src/physical_support_confidence_sets/b11/frozen_policy/ara_controller.py,3ce69d27e4b36732c6c76f5de769ee5a0f5cb6de4f228283061ceb2a9230d69f,la1_3_ara_b11/locked_b1_source/frozen_policy/ara_controller.py,3ce69d27e4b36732c6c76f5de769ee5a0f5cb6de4f228283061ceb2a9230d69f,B1.1 recovered scientific implementation,none; byte-identical relocation
src/physical_support_confidence_sets/b11/frozen_policy/evidence.py,e2addc287aea1e7714bd3f4eee5a2873ae8e0bb34f848b795d931c0db5faf312,la1_3_ara_b11/locked_b1_source/frozen_policy/evidence.py,e2addc287aea1e7714bd3f4eee5a2873ae8e0bb34f848b795d931c0db5faf312,B1.1 recovered scientific implementation,none; byte-identical relocation
src/physical_support_confidence_sets/b11/frozen_policy/geometry.py,c0fe734f1d545c1ba48efbd9f8962ee16ec1942c8b6108b96c38811d99434245,la1_3_ara_b11/locked_b1_source/frozen_policy/geometry.py,c0fe734f1d545c1ba48efbd9f8962ee16ec1942c8b6108b96c38811d99434245,B1.1 recovered scientific implementation,none; byte-identical relocation
src/physical_support_confidence_sets/b11/frozen_policy/sealed_query.py,047f5f3200ff0831544d7887e501a24490e7f66f47573fa4f76938eacefe880e,la1_3_ara_b11/locked_b1_source/frozen_policy/sealed_query.py,047f5f3200ff0831544d7887e501a24490e7f66f47573fa4f76938eacefe880e,B1.1 recovered scientific implementation,none; byte-identical relocation
src/physical_support_confidence_sets/b11/public_bank/__init__.py,668bbb556a71ec160f3269fd67baf353fd523def1b665bde6f7c39f670f96432,la1_3_ara_b11/locked_b1_source/b0_public/__init__.py,668bbb556a71ec160f3269fd67baf353fd523def1b665bde6f7c39f670f96432,B1.1 recovered scientific implementation,none; byte-identical relocation
src/physical_support_confidence_sets/b11/public_bank/bank.py,aee2634e75fe8d5cada70f116859e99eaa01352aeec879cbf1c2e825f5c5f5e3,la1_3_ara_b11/locked_b1_source/b0_public/bank.py,aee2634e75fe8d5cada70f116859e99eaa01352aeec879cbf1c2e825f5c5f5e3,B1.1 recovered scientific implementation,none; byte-identical relocation
src/physical_support_confidence_sets/b11/public_bank/geometry.py,75c62e1b2c549837cff7e6e1b254e168f0355dcfe8817c49e4acefc80d3715c5,la1_3_ara_b11/locked_b1_source/b0_public/geometry.py,75c62e1b2c549837cff7e6e1b254e168f0355dcfe8817c49e4acefc80d3715c5,B1.1 recovered scientific implementation,none; byte-identical relocation
src/physical_support_confidence_sets/b11/public_bank/types.py,36a92d527c477b2ed64bbde6339edd9b06ce73b53a0705cf03caad5cf2795f4e,la1_3_ara_b11/locked_b1_source/b0_public/types.py,36a92d527c477b2ed64bbde6339edd9b06ce73b53a0705cf03caad5cf2795f4e,B1.1 recovered scientific implementation,none; byte-identical relocation
src/physical_support_confidence_sets/b11/query_replay/__init__.py,f7b00f06c315baa55e53d2f345edd46bbfe62f02fbfe50b50a9ef6f1a1f9af70,PUBLICATION_RELEASE_V1,f7b00f06c315baa55e53d2f345edd46bbfe62f02fbfe50b50a9ef6f1a1f9af70,B1.1 recovered scientific implementation,new publication file
src/physical_support_confidence_sets/b11/query_replay/scenario_replay.py,d0ec21d71683b89bd773c201d6cb6b7b811eaa4bb2aca5ec429e0e744b5966d0,la1_3_ara_b11/locked_b1_source/b0_query_worker/scenario_replay.py,e87bfc416846d5e8ec5b27b77815674d045358d91dd5cea115bee7efb760f91d,B1.1 recovered scientific implementation,publication namespace/import or nonportable historical-path cleanup only
src/physical_support_confidence_sets/b11/raw_bank_adapter.py,33ee6024b7408cbbbd412c3927b3137a394ddda8fdd1081f2359aa93f2b02468,la1_3_ara_b11/locked_b1_source/b01_raw_bank_adapter.py,afb06d8ddb5b3dfc225ad1a0e2587d07f64c579ab4b0d31f6dea6ef45f384995,B1.1 recovered scientific implementation,publication namespace/import or nonportable historical-path cleanup only
src/physical_support_confidence_sets/b11/runtime/__init__.py,5530bad837f8d98ead5701223f353dd169cabe424538572500216545e7d02327,la1_3_ara_b11/locked_b1_source/b0_runtime/__init__.py,5530bad837f8d98ead5701223f353dd169cabe424538572500216545e7d02327,B1.1 recovered scientific implementation,none; byte-identical relocation
src/physical_support_confidence_sets/b11/runtime/config.py,b6e891920bf7d64bcd7d1bfe0aa325747e3516611c6be6985199f8c00d5286d5,la1_3_ara_b11/locked_b1_source/b0_runtime/config.py,b6e891920bf7d64bcd7d1bfe0aa325747e3516611c6be6985199f8c00d5286d5,B1.1 recovered scientific implementation,none; byte-identical relocation
src/physical_support_confidence_sets/b11/runtime/science.py,6ee74088479f81138b6b818f33491af6d7a7b47b85681771aaf0eeec5eafc362,la1_3_ara_b11/locked_b1_source/b0_runtime/science.py,d9cf93dfe9089cc356338c27c504737c9b81fb75a01febf97a301dfb2282b190,B1.1 recovered scientific implementation,publication namespace/import or nonportable historical-path cleanup only
src/physical_support_confidence_sets/b11/scientific_core/__init__.py,53646b7c802b931f2eb5e81c35aae40e34064ddfef8c399720bfae03f2b20ed8,la1_3_ara_b11/locked_b1_source/src/__init__.py,53646b7c802b931f2eb5e81c35aae40e34064ddfef8c399720bfae03f2b20ed8,B1.1 recovered scientific implementation,none; byte-identical relocation
src/physical_support_confidence_sets/b11/scientific_core/config.py,79c58a8da1cb1093afb49bfb839c74a83420237c98dab1a39147fb1f8fbdc2d4,la1_3_ara_b11/locked_b1_source/src/config.py,79c58a8da1cb1093afb49bfb839c74a83420237c98dab1a39147fb1f8fbdc2d4,B1.1 recovered scientific implementation,none; byte-identical relocation
src/physical_support_confidence_sets/b11/scientific_core/eprocess_3d.py,f9d7c2ad96d28d82c15964641f01370f88cb857754aa179265e4deff4aad52f6,la1_3_ara_b11/locked_b1_source/src/eprocess_3d.py,f9d7c2ad96d28d82c15964641f01370f88cb857754aa179265e4deff4aad52f6,B1.1 recovered scientific implementation,none; byte-identical relocation
src/physical_support_confidence_sets/b11/scientific_core/generator.py,c3a43d129d3c85dde239d0dfefb1e698eb8e447e7fb65b791bcb22391d837b8d,la1_3_ara_b11/locked_b1_source/src/generator.py,c3a43d129d3c85dde239d0dfefb1e698eb8e447e7fb65b791bcb22391d837b8d,B1.1 recovered scientific implementation,none; byte-identical relocation
src/physical_support_confidence_sets/b11/scientific_core/geometry.py,87d205e88254a1e4d0f801ab6ac3eb26dac297d6666f3656967081bd173481eb,la1_3_ara_b11/locked_b1_source/src/geometry.py,87d205e88254a1e4d0f801ab6ac3eb26dac297d6666f3656967081bd173481eb,B1.1 recovered scientific implementation,none; byte-identical relocation
src/physical_support_confidence_sets/b11/scientific_core/mixture.py,6335721434fc6c3dac93247555695c6509a7706d6af63e127efd5b5f2d9d87ef,la1_3_ara_b11/locked_b1_source/src/mixture.py,6335721434fc6c3dac93247555695c6509a7706d6af63e127efd5b5f2d9d87ef,B1.1 recovered scientific implementation,none; byte-identical relocation
src/physical_support_confidence_sets/b11/scientific_core/proposal.py,c3dbcd5e49f6704f4597f8f917d6df6395174571bd0f2fe662f8e95f8ca6c163,la1_3_ara_b11/locked_b1_source/src/proposal.py,c3dbcd5e49f6704f4597f8f917d6df6395174571bd0f2fe662f8e95f8ca6c163,B1.1 recovered scientific implementation,none; byte-identical relocation
src/physical_support_confidence_sets/b11/scientific_core/proposal_3d.py,d63f59926e588e2b59da013bb32567b992856c67b3328f34ca114e31159e26d6,la1_3_ara_b11/locked_b1_source/src/proposal_3d.py,d63f59926e588e2b59da013bb32567b992856c67b3328f34ca114e31159e26d6,B1.1 recovered scientific implementation,none; byte-identical relocation
src/physical_support_confidence_sets/b11/scientific_core/safe_bounds.py,faad928f91939241af94fe9ef0cb00306b7f313e5dbf2d021fe780dd3d6fb136,la1_3_ara_b11/locked_b1_source/src/safe_bounds.py,faad928f91939241af94fe9ef0cb00306b7f313e5dbf2d021fe780dd3d6fb136,B1.1 recovered scientific implementation,none; byte-identical relocation
src/physical_support_confidence_sets/b11/scientific_core/transforms.py,1fbac88c23470e5779e0b2a68ffb2651f31343814ac875c7ae4820da2a1504b3,la1_3_ara_b11/locked_b1_source/src/transforms.py,1fbac88c23470e5779e0b2a68ffb2651f31343814ac875c7ae4820da2a1504b3,B1.1 recovered scientific implementation,none; byte-identical relocation
src/physical_support_confidence_sets/b11/study/__init__.py,2c2fe5c0092dc4c7c7c15d93f8a31014ae38841d85f4ed5674d2cb53b0c8483d,la1_3_ara_b11/locked_b1_source/b1/__init__.py,2c2fe5c0092dc4c7c7c15d93f8a31014ae38841d85f4ed5674d2cb53b0c8483d,B1.1 recovered scientific implementation,none; byte-identical relocation
src/physical_support_confidence_sets/b11/study/constants.py,f04f858a50948ec34d1edd8782bb2ce9e6114006e340dc9be1151282d1d8ce60,la1_3_ara_b11/locked_b1_source/b1/constants.py,56de171965e0d64e3a291c73a38420fff7bdc32881f30c6195444cd404a56d90,B1.1 recovered scientific implementation,publication namespace/import or nonportable historical-path cleanup only
src/physical_support_confidence_sets/b11/study/controller_stage.py,f90d40f99688310e7d1abd9204ab6721eaf640e66752a705055ea258b3da2c62,la1_3_ara_b11/locked_b1_source/b1/controller_stage.py,06b7817f6cd0cfdff4d29957e9463df1659413a391979d8171b599e0ecf4aa43,B1.1 recovered scientific implementation,publication namespace/import or nonportable historical-path cleanup only
src/physical_support_confidence_sets/b11/study/metrics.py,0c59ce97f4f144dcdfeb0b81b3b0168d16880282a7165bf030c49fc63410a747,la1_3_ara_b11/locked_b1_source/b1/metrics.py,0c59ce97f4f144dcdfeb0b81b3b0168d16880282a7165bf030c49fc63410a747,B1.1 recovered scientific implementation,none; byte-identical relocation
src/physical_support_confidence_sets/b11/study/oracle_stage.py,36abf94deff1a3193190786dff5dc8db12bbb6214b9ff836137b5b60c74bbded,la1_3_ara_b11/locked_b1_source/b1/oracle_stage.py,36abf94deff1a3193190786dff5dc8db12bbb6214b9ff836137b5b60c74bbded,B1.1 recovered scientific implementation,none; byte-identical relocation
src/physical_support_confidence_sets/b11/study/science.py,f11f61dfaa3367aabbb9d61b2abbcd6a1f3c228311215ac65297e838fe94c983,la1_3_ara_b11/locked_b1_source/b1/science.py,9b45a5b627cd10f1000b2ebf6f0fa4605dddc7bd651a43ff5c25195c164232c0,B1.1 recovered scientific implementation,publication namespace/import or nonportable historical-path cleanup only
src/physical_support_confidence_sets/b11/study/util.py,fe746fdae7d236b1d93e8d3d915a8e5f6494740ec4f3bc513a32c862333ae2f6,la1_3_ara_b11/locked_b1_source/b1/util.py,fe746fdae7d236b1d93e8d3d915a8e5f6494740ec4f3bc513a32c862333ae2f6,B1.1 recovered scientific implementation,none; byte-identical relocation
src/physical_support_confidence_sets/formal_b2/__init__.py,ab87dc06d4d79ec6914acea82a765feedf3e8516419dca83883cd3e798df1af5,la1_3_ara_b2f01/successor_source/b2d2/__init__.py,ab87dc06d4d79ec6914acea82a765feedf3e8516419dca83883cd3e798df1af5,Formal B2 byte-frozen D2.3 scientific core,none; byte-identical relocation
src/physical_support_confidence_sets/formal_b2/bank.py,82a570d420f382b656b1691bdd16090cc10b7765cdc8ec3e83228a34530f0230,la1_3_ara_b2f01/successor_source/b2d2/bank.py,82a570d420f382b656b1691bdd16090cc10b7765cdc8ec3e83228a34530f0230,Formal B2 byte-frozen D2.3 scientific core,none; byte-identical relocation
src/physical_support_confidence_sets/formal_b2/constants.py,b1f87c2c87e7c1091f6578eda4d7a29045263e849d7ff936d89329eecd18ae37,la1_3_ara_b2f01/successor_source/b2d2/constants.py,b1f87c2c87e7c1091f6578eda4d7a29045263e849d7ff936d89329eecd18ae37,Formal B2 byte-frozen D2.3 scientific core,none; byte-identical relocation
src/physical_support_confidence_sets/formal_b2/contract.py,0ecb1e71fdc0b9c7776160f1c34bcd6c290172b3e58aebccbf255f26922fed9a,la1_3_ara_b2f01/successor_source/b2d2/contract.py,0ecb1e71fdc0b9c7776160f1c34bcd6c290172b3e58aebccbf255f26922fed9a,Formal B2 byte-frozen D2.3 scientific core,none; byte-identical relocation
src/physical_support_confidence_sets/formal_b2/controller.py,2fb972bfb04eeb442181fa19135835b808ec29afe33f31e46ffaff7cfdd5a259,la1_3_ara_b2f01/successor_source/b2d2/controller.py,2fb972bfb04eeb442181fa19135835b808ec29afe33f31e46ffaff7cfdd5a259,Formal B2 byte-frozen D2.3 scientific core,none; byte-identical relocation
src/physical_support_confidence_sets/formal_b2/data.py,2a8147128735787c83de23c207d36ffdaff2898688a6bcc335cd9672605f5a3b,la1_3_ara_b2f01/successor_source/b2d2/data.py,2a8147128735787c83de23c207d36ffdaff2898688a6bcc335cd9672605f5a3b,Formal B2 byte-frozen D2.3 scientific core,none; byte-identical relocation
src/physical_support_confidence_sets/formal_b2/finalize.py,d1d06c673175217f6371627de091521940a64d016ec8b1d9d9053236ec69f1cd,la1_3_ara_b2f01/successor_source/b2d2/finalize.py,d1d06c673175217f6371627de091521940a64d016ec8b1d9d9053236ec69f1cd,Formal B2 byte-frozen D2.3 scientific core,none; byte-identical relocation
src/physical_support_confidence_sets/formal_b2/geometry.py,3f72c06357a8cf9ce1ded830e2f94b8cf9243c25947e0b147ff9b50898d4ad32,la1_3_ara_b2f01/successor_source/b2d2/geometry.py,3f72c06357a8cf9ce1ded830e2f94b8cf9243c25947e0b147ff9b50898d4ad32,Formal B2 byte-frozen D2.3 scientific core,none; byte-identical relocation
src/physical_support_confidence_sets/formal_b2/integrity.py,3d2e2d6661de92058b3774efdd04503609146135a4bf510f594b445abb08c52b,la1_3_ara_b2f01/successor_source/b2d2/integrity.py,3d2e2d6661de92058b3774efdd04503609146135a4bf510f594b445abb08c52b,Formal B2 byte-frozen D2.3 scientific core,none; byte-identical relocation
src/physical_support_confidence_sets/formal_b2/pilot.py,31fe5d57eecf666c093d853c6db5a24077c5eb65e39b70be8cdeb26423b07328,la1_3_ara_b2f01/successor_source/b2d2/pilot.py,31fe5d57eecf666c093d853c6db5a24077c5eb65e39b70be8cdeb26423b07328,Formal B2 byte-frozen D2.3 scientific core,none; byte-identical relocation
src/physical_support_confidence_sets/formal_b2/precision.py,c5e50d0c5eca4611e4006e129aa27f6d6fcaac1dbe1e16049d522109828ef325,la1_3_ara_b2f01/successor_source/b2d2/precision.py,c5e50d0c5eca4611e4006e129aa27f6d6fcaac1dbe1e16049d522109828ef325,Formal B2 byte-frozen D2.3 scientific core,none; byte-identical relocation
src/physical_support_confidence_sets/formal_b2/projection.py,325e3e9e6c8e95b97b92d03ae63061221787ec0a7138722b621be1c789ce0fa5,la1_3_ara_b2f01/successor_source/b2d2/projection.py,325e3e9e6c8e95b97b92d03ae63061221787ec0a7138722b621be1c789ce0fa5,Formal B2 byte-frozen D2.3 scientific core,none; byte-identical relocation
src/physical_support_confidence_sets/formal_b2/reporting.py,b574ebc8e6c1dbc80f492d1473387706219ba6d507a52c1fa533cf7feb119f23,la1_3_ara_b2f01/successor_source/b2d2/reporting.py,b574ebc8e6c1dbc80f492d1473387706219ba6d507a52c1fa533cf7feb119f23,Formal B2 byte-frozen D2.3 scientific core,none; byte-identical relocation
src/physical_support_confidence_sets/formal_b2/scoring.py,97eeef0228dc1a01b788ad2cbe2bfd383a537a35097ff8772c6cff4665b8be97,la1_3_ara_b2f01/successor_source/b2d2/scoring.py,97eeef0228dc1a01b788ad2cbe2bfd383a537a35097ff8772c6cff4665b8be97,Formal B2 byte-frozen D2.3 scientific core,none; byte-identical relocation
src/physical_support_confidence_sets/formal_b2/util.py,a7823bbb8518d85cb853591abc6c936d32117ca05a5fc55c27e27fd7c1398f2d,la1_3_ara_b2f01/successor_source/b2d2/util.py,a7823bbb8518d85cb853591abc6c936d32117ca05a5fc55c27e27fd7c1398f2d,Formal B2 byte-frozen D2.3 scientific core,none; byte-identical relocation
src/physical_support_confidence_sets/original_numerical/__init__.py,a86721b1b979845f2958257b8ef142cd286a0c77f0ad83cf4f007283f71e25a2,ORIGINAL_THREE_GATE_EXPERIMENT_EVIDENCE.zip::simulation/__init__.py,a86721b1b979845f2958257b8ef142cd286a0c77f0ad83cf4f007283f71e25a2,theorem-native numerical illustration; HOLD_NUMERICAL_EVIDENCE,none; archive member verified byte-identical
src/physical_support_confidence_sets/original_numerical/build_deliverable.py,c9c1d315727edcc72a195e87f602bf12f3192ec0f8f65a27ca6bfbaa979de2dc,ORIGINAL_THREE_GATE_EXPERIMENT_EVIDENCE.zip::simulation/build_deliverable.py,c9c1d315727edcc72a195e87f602bf12f3192ec0f8f65a27ca6bfbaa979de2dc,theorem-native numerical illustration; HOLD_NUMERICAL_EVIDENCE,none; archive member verified byte-identical
src/physical_support_confidence_sets/original_numerical/build_manifest.py,8d605ebb65ae05dcef3934be182b07972e1dc6ee7b91e0a853a9a44adf3b4e68,ORIGINAL_THREE_GATE_EXPERIMENT_EVIDENCE.zip::simulation/build_manifest.py,8d605ebb65ae05dcef3934be182b07972e1dc6ee7b91e0a853a9a44adf3b4e68,theorem-native numerical illustration; HOLD_NUMERICAL_EVIDENCE,none; archive member verified byte-identical
src/physical_support_confidence_sets/original_numerical/exact_mixture.py,b00af1ef95aaf2c65f9d6e8030e2edec4cb3471d3ddfb94f31c0f51b7967d79d,ORIGINAL_THREE_GATE_EXPERIMENT_EVIDENCE.zip::simulation/exact_mixture.py,b00af1ef95aaf2c65f9d6e8030e2edec4cb3471d3ddfb94f31c0f51b7967d79d,theorem-native numerical illustration; HOLD_NUMERICAL_EVIDENCE,none; archive member verified byte-identical
src/physical_support_confidence_sets/original_numerical/geometry.py,7dfdb32b488ddc49671f56d26b1b38ca1c8024895bbcbff8ce9e561c48d2f9c9,ORIGINAL_THREE_GATE_EXPERIMENT_EVIDENCE.zip::simulation/geometry.py,7dfdb32b488ddc49671f56d26b1b38ca1c8024895bbcbff8ce9e561c48d2f9c9,theorem-native numerical illustration; HOLD_NUMERICAL_EVIDENCE,none; archive member verified byte-identical
src/physical_support_confidence_sets/original_numerical/run_pilot.py,9ebbd9437e1d4a42a7c09c5a1a466472512fe3a9566c3d959f269d0d5cbc010d,ORIGINAL_THREE_GATE_EXPERIMENT_EVIDENCE.zip::simulation/run_pilot.py,9ebbd9437e1d4a42a7c09c5a1a466472512fe3a9566c3d959f269d0d5cbc010d,theorem-native numerical illustration; HOLD_NUMERICAL_EVIDENCE,none; archive member verified byte-identical
src/physical_support_confidence_sets/original_numerical/run_posthoc.py,e3b569f8cd0a2639c702482c8f451f82a7e3340521e9644063439116e4e222dd,ORIGINAL_THREE_GATE_EXPERIMENT_EVIDENCE.zip::simulation/run_posthoc.py,e3b569f8cd0a2639c702482c8f451f82a7e3340521e9644063439116e4e222dd,theorem-native numerical illustration; HOLD_NUMERICAL_EVIDENCE,none; archive member verified byte-identical
tests/test_b11_core.py,b98a1e88360b2f65af86a7881688edac6e2667f3a4e17a920ff83b95bc5410dc,PUBLICATION_RELEASE_V1,b98a1e88360b2f65af86a7881688edac6e2667f3a4e17a920ff83b95bc5410dc,publication invariant test,new publication file
tests/test_canonical_exports.py,cc9de1dc021ebd44541c00d86e16cb6d6a8983377693d77b012b902e7c3684e3,PUBLICATION_RELEASE_V1,cc9de1dc021ebd44541c00d86e16cb6d6a8983377693d77b012b902e7c3684e3,publication invariant test,new publication file
tests/test_formal_b2_core.py,f4408022101559f31c8ba1deaaaccee980610dfffed4667100e3f718df16a843,PUBLICATION_RELEASE_V1,f4408022101559f31c8ba1deaaaccee980610dfffed4667100e3f718df16a843,publication invariant test,new publication file
tests/test_publication_manifest.py,752e7df2f6184d1204a52c1c1cdf9cc688b6cce8c18670ad6ef68f32325bd011,PUBLICATION_RELEASE_V1,752e7df2f6184d1204a52c1c1cdf9cc688b6cce8c18670ad6ef68f32325bd011,publication invariant test,new publication file
tests/test_source_manifest.py,707cc99db3be1569d2988c05ecf29f9169dbd7cf36c94da04cb3fb56732006ee,PUBLICATION_RELEASE_V1,707cc99db3be1569d2988c05ecf29f9169dbd7cf36c94da04cb3fb56732006ee,publication invariant test,new publication file
